facts,corrupted_facts,fact_reasoning,corrupted_reasoning,source,brainstorm,duplication,duplication_reasoning,verify_facts,verify_facts_reasoning,verify_corruption,verify_corruption_reasoning,claim_type,book_name
"The chief clerk's inquiry about Gregor's absence from work is directly related to the family's financial concerns, which Gregor later overhears through his bedroom door.","The chief clerk's inquiry about Gregor's absence from work is directly related to the family's health concerns, which Gregor later overhears through his bedroom door.","In Chapter 1, the chief clerk arrives to inquire about Gregor's absence from work, indicating potential job-related issues. In Chapter 2, Gregor listens to his family's conversations and learns about their financial situation and concerns. This connection shows that Gregor's transformation and subsequent inability to work have immediate financial implications for the family.","The outline mentions financial concerns, not health concerns, making this corrupted fact incorrect.","Chapter 1, 2","- Chapter 1, item 3: The chief clerk arrives at the Samsa residence to inquire about Gregor's absence from work.
- Chapter 2, item 2: Gregor listens to his family's conversations through the door, learning about their financial situation and concerns.
- Relationship: Financial implications of Gregor's transformation",Unique,Valid claim,INVALID,"1. Analysis of atomic parts:
   a. ""The chief clerk's inquiry about Gregor's absence from work"": This part is grounded in event 3 of Chapter 1, where the chief clerk arrives at the Samsa residence to inquire about Gregor's absence.
   b. ""is directly related to the family's financial concerns, which Gregor later overhears through his bedroom door"": This part is grounded in Chapter 2, where Gregor listens to his family's conversations and learns about their financial situation.

2. Analysis of the relationship between atomic parts:
   a. The relationship is not explicitly stated in the summary or outline. While the chief clerk's inquiry is related to Gregor's work, which is tied to the family's financial situation, the claim that it is ""directly related"" to the family's financial concerns is not explicitly supported by the provided information. The inquiry is primarily about Gregor's absence from work, not directly about the family's financial concerns.
   b. The relationship is a subjective interpretation, as the claim assumes a direct connection between the clerk's inquiry and the family's financial concerns, which is not explicitly stated in the summary or outline.
   c. The relationship does not contradict any information in the summary or outline, but it is not explicitly supported either.

Since the relationship between the atomic parts is a subjective interpretation and not explicitly grounded in the summary or outline, the claim is INVALID.",INVALID,"1. Analysis of atomic parts:
   a. ""The chief clerk's inquiry about Gregor's absence from work"": This part is grounded in event 3 of Chapter 1, where the chief clerk arrives at the Samsa residence to inquire about Gregor's absence from work.
   b. ""is directly related to the family's health concerns, which Gregor later overhears through his bedroom door"": This part is not explicitly grounded in the chapter outline or the book summary. While Gregor does overhear conversations about the family's financial situation and concerns in Chapter 2, there is no mention of health concerns being directly related to the chief clerk's inquiry.

2. Analysis of the relationship between atomic parts:
   a. The relationship is not objectively valid or meaningful. The claim suggests a direct connection between the chief clerk's inquiry and the family's health concerns, which is not supported by the provided information.
   b. The relationship is a subjective interpretation and not explicitly stated in the summary or outline.
   c. The relationship does not make sense based on the book summary and chapter outline, as there is no evidence linking the chief clerk's inquiry to the family's health concerns.

Since 1b., 2a., and 2b. are not satisfied, the claim is INVALID.",multiple,kafka_metamorphosis
"Gregor's father injures him on two separate occasions: first by forcefully pushing him back into his room, and later by throwing apples at him, with one lodging in Gregor's back.","Gregor's father injures him on two separate occasions: first by forcefully pushing him back into his room, and later by hitting him with a broom.","In Chapter 1, Gregor's father forcefully pushes him back into his room, injuring him in the process. In Chapter 2, Gregor's father throws apples at him, with one lodging in Gregor's back and causing severe pain. These two incidents demonstrate a pattern of aggressive behavior from Gregor's father towards his transformed son.","The second injury is caused by thrown apples, not a broom, making this corrupted fact incorrect.","Chapter 1, 2","- Chapter 1, item 7: Gregor's father forcefully pushes him back into his room, injuring him in the process.
- Chapter 2, item 7: Gregor's father throws apples at him, with one lodging in Gregor's back, causing him severe pain.
- Relationship: Pattern of father's aggressive behavior towards Gregor",Unique,Valid claim,VALID,"1. Analysis of atomic parts:
   a. ""Gregor's father injures him on two separate occasions"": This part is grounded in the events described in both the book summary and the chapter outline. The first injury occurs when Gregor's father forcefully pushes him back into his room, as mentioned in Chapter 1, event 7. The second injury happens when Gregor's father throws apples at him, with one lodging in his back, as described in Chapter 2, event 7.
   
2. Analysis of the relationship between atomic parts:
   a. The relationship is objectively valid and meaningful. The claim accurately describes two distinct incidents where Gregor's father causes him harm.
   b. The relationship is not a subjective interpretation; it is explicitly stated in the chapter outline and consistent with the book summary.
   c. The relationship makes sense based on the book summary and chapter outline, as both sources describe the father's aggressive actions towards Gregor.

Since all considerations are satisfied, the claim is VALID.",INVALID,"1. Analysis of each atomic part:
   a. Gregor's father injures him by forcefully pushing him back into his room: This part is grounded in event 7 of Chapter 1, where Gregor's father pushes him back into his room, injuring him.
   b. Gregor's father injures him by hitting him with a broom: This part is not grounded in the chapter outline or the book summary. The outline mentions Gregor's father throwing apples at him, with one lodging in his back, causing severe pain (Chapter 2, event 7), but there is no mention of a broom being used.

2. Analysis of the relationship between atomic parts:
   a. The relationship is not valid because the second part of the claim is not supported by the provided information. The claim suggests two separate incidents of injury, but only one is explicitly mentioned in the outline (the apple incident).
   b. The relationship is not explicitly grounded in the summary or outline, as the second injury incident involving a broom is not mentioned.
   c. The relationship does not make sense based on the book summary and chapter outline, as the second injury incident is not supported by the text.

Since the second atomic part is not grounded in the provided information, the claim is INVALID.",multiple,kafka_metamorphosis
"Grete's role in the family evolves from caring for Gregor by bringing him food and cleaning his room to performing violin for the lodgers, who are disturbed by Gregor's presence.","Grete's role in the family evolves from caring for Gregor by bringing him food and cleaning his room to performing piano for the lodgers, who are disturbed by Gregor's presence.","In Chapter 2, Grete takes on the responsibility of caring for Gregor, bringing him food and cleaning his room. Later, in Chapter 3, Grete is performing violin for the lodgers, who are disturbed by Gregor's presence. This change in Grete's activities shows how her role in the family shifts over time, from caretaker to entertainer, while still being affected by Gregor's condition.","Grete performs violin, not piano, making this corrupted fact incorrect.","Chapter 2, 3","- Chapter 2, item 3: Gregor's sister, Grete, takes on the responsibility of caring for him, bringing him food and cleaning his room.
- Chapter 3, item 2: The family takes in three lodgers who are disturbed by Gregor's presence during Grete's violin performance.
- Relationship: Grete's changing role in the family",Unique,Valid claim,VALID,"1. Analysis of atomic parts:
   a. ""Grete's role in the family evolves from caring for Gregor by bringing him food and cleaning his room"": This part is grounded in Chapter 2, where Grete takes on the responsibility of caring for Gregor by bringing him food and cleaning his room.
   b. ""to performing violin for the lodgers, who are disturbed by Gregor's presence"": This part is grounded in Chapter 3, where Grete plays the violin for the lodgers, and Gregor's presence disturbs them.

2. Analysis of the relationship between atomic parts:
   a. The relationship is objectively valid and meaningful. It shows an evolution in Grete's role from directly caring for Gregor to engaging in activities that are part of the family's adaptation to their new circumstances, such as entertaining lodgers.
   b. The relationship is not a subjective interpretation; it is explicitly grounded in the chapter outline.
   c. The relationship makes sense based on the book summary and chapter outline, as it reflects the changes in Grete's responsibilities and the family's dynamics over time.

Since all considerations are satisfied, the claim is VALID.",INVALID,"1. Analysis of atomic parts:
   a. ""Grete's role in the family evolves from caring for Gregor by bringing him food and cleaning his room"": This part is grounded in Chapter 2, where Grete takes on the responsibility of caring for Gregor by bringing him food and cleaning his room.
   b. ""to performing piano for the lodgers, who are disturbed by Gregor's presence"": This part is partially grounded in Chapter 3, where Grete plays the violin (not piano) for the lodgers, who are disturbed by Gregor's presence.

2. Analysis of the relationship between atomic parts:
   a. The relationship is meaningful as it shows the evolution of Grete's role from caring for Gregor to engaging in activities that are more aligned with the family's new priorities, such as entertaining the lodgers.
   b. The relationship is not a subjective interpretation; it is based on the events described in the chapter outline.
   c. The relationship makes sense based on the book summary and chapter outline, as it reflects the shift in Grete's responsibilities and the family's changing dynamics.

However, there is a factual inaccuracy in the claim regarding the instrument Grete plays. The outline specifies that Grete plays the violin, not the piano. This discrepancy affects the accuracy of the claim.

Since the claim contains a factual error regarding the instrument Grete plays, it cannot be considered fully valid.",multiple,kafka_metamorphosis
"Gregor's mother faints twice upon seeing his transformed state: first when he initially reveals himself, and later when she sees him during an attempt to remove furniture from his room.","Gregor's mother faints twice upon seeing his transformed state: first when he initially reveals himself, and later when she sees him during his attempt to leave the house.","In Chapter 1, Gregor's mother faints when he first reveals his transformed state. In Chapter 2, she faints again upon seeing him during an attempt to remove furniture from his room. This recurring reaction demonstrates the profound shock and distress Gregor's mother experiences when confronted with his new form.","The second fainting occurs during an attempt to remove furniture from Gregor's room, not during his attempt to leave the house, making this corrupted fact incorrect.","Chapter 1, 2","- Chapter 1, item 5: The chief clerk flees in horror, while Gregor's mother faints and his father becomes aggressive.
- Chapter 2, item 5: Gregor's mother faints upon seeing him, and Grete rushes to help her while locking Gregor in his room.
- Relationship: Recurring reaction of Gregor's mother",Unique,Valid claim,VALID,"1. Analysis of each atomic part:
   a. ""Gregor's mother faints twice upon seeing his transformed state"": This part is grounded in the events described in both the book summary and the chapter outline. The first instance occurs when Gregor initially reveals himself to his family and the chief clerk, causing his mother to faint (Chapter 1, event 5). The second instance occurs during the attempt to remove furniture from Gregor's room, where his mother faints again upon seeing him (Chapter 2, event 5).

2. Analysis of the relationship between atomic parts:
   a. The relationship is objectively valid and meaningful. The claim accurately describes two separate instances where Gregor's mother faints upon seeing him, which are clearly outlined in the chapter events.
   b. The relationship is not a subjective interpretation; it is explicitly stated in the chapter outline and consistent with the book summary.
   c. The relationship makes sense based on the book summary and chapter outline, as both sources confirm the two fainting incidents.

Since all considerations are satisfied, the claim is VALID.",INVALID,"1. Analysis of atomic parts:
   a. ""Gregor's mother faints twice upon seeing his transformed state"": The first fainting incident is grounded in Chapter 1, event 5, where Gregor's mother faints upon seeing his transformed state for the first time. The second fainting incident is grounded in Chapter 2, event 5, where Gregor's mother faints again upon seeing him during the furniture removal attempt.
   b. ""first when he initially reveals himself"": This is consistent with Chapter 1, event 5, where Gregor reveals himself, and his mother faints.
   c. ""later when she sees him during his attempt to leave the house"": This part is not grounded in the chapter outline. In Chapter 2, event 5, Gregor's mother faints during the furniture removal, not during an attempt to leave the house.

2. Analysis of the relationship between atomic parts:
   a. The relationship between the two fainting incidents is not meaningful as described in the claim because the second incident is inaccurately described as occurring during an attempt to leave the house.
   b. The relationship is not a subjective interpretation but is based on a misrepresentation of the events in the chapter outline.
   c. The relationship does not make sense based on the book summary and chapter outline, as the second fainting incident is mischaracterized.

Since part 1c. is not grounded in the chapter outline and the relationship described in 2a. is not meaningful, the claim is INVALID.",multiple,kafka_metamorphosis
"The family's approach to Gregor's condition changes from attempting to remove furniture from his room, which causes distress, to adapting by leaving the living room door open for him to observe them.","The family's approach to Gregor's condition changes from attempting to remove furniture from his room, which causes distress, to adapting by allowing him to join them in the living room.","In Chapter 2, Grete and their mother attempt to remove furniture from Gregor's room, causing distress to both Gregor and his mother. Later, in Chapter 3, the family adapts to Gregor's condition by leaving the living room door open for him to observe them in the evenings. This change in approach demonstrates the family's evolving response to Gregor's transformation over time.","The family adapts by leaving the door open for Gregor to observe them, not by allowing him to join them in the living room, making this corrupted fact incorrect.","Chapter 2, 3","- Chapter 2, item 4: Grete and their mother attempt to remove furniture from Gregor's room, causing distress to both Gregor and his mother.
- Chapter 3, item 1: Gregor's family adapts to his condition, leaving the living room door open for him to observe them in the evenings.
- Relationship: Family's changing approach to Gregor's condition",Unique,Valid claim,VALID,"1. Analysis of atomic parts:
   a. ""The family's approach to Gregor's condition changes from attempting to remove furniture from his room, which causes distress"": This part is grounded in Chapter 2, events 4 and 5, where Grete and their mother attempt to remove furniture from Gregor's room, causing distress to both Gregor and his mother.
   b. ""to adapting by leaving the living room door open for him to observe them"": This part is grounded in Chapter 3, event 1, where the family adapts to Gregor's condition by leaving the living room door open for him to observe them.

2. Analysis of the relationship between atomic parts:
   a. The relationship is objectively valid and meaningful. It shows a progression in the family's approach to Gregor's condition, from a misguided attempt to help by removing furniture to a more passive adaptation by allowing him to observe them.
   b. The relationship is not a subjective interpretation; it is explicitly grounded in the chapter outline.
   c. The relationship makes sense based on the book summary and chapter outline, as it reflects the family's evolving response to Gregor's transformation.

Since all considerations are satisfied, the claim is VALID.",VALID,"1. Analysis of atomic parts:
   a. ""The family's approach to Gregor's condition changes from attempting to remove furniture from his room, which causes distress"": This part is grounded in Chapter 2, events 4 and 5, where Grete and their mother attempt to remove furniture from Gregor's room, causing distress to both Gregor and his mother.
   b. ""to adapting by allowing him to join them in the living room"": This part is grounded in Chapter 3, event 1, where the family leaves the living room door open for Gregor to observe them in the evenings.

2. Analysis of the relationship between atomic parts:
   a. The relationship is objectively valid and meaningful. It shows a progression in the family's approach to Gregor's condition, from causing distress by removing furniture to a more adaptive approach by allowing him to be part of the family setting, albeit passively.
   b. The relationship is not a subjective interpretation; it is based on the events described in the chapter outline.
   c. The relationship makes sense based on the book summary and chapter outline, as it reflects the family's evolving response to Gregor's transformation.

Since all considerations are satisfied, the claim is VALID.",multiple,kafka_metamorphosis
Gregor's transformation into a giant insect-like creature leads to his family adapting by leaving the living room door open for him to observe them in the evenings.,Gregor's transformation into a giant insect-like creature leads to his family adapting by inviting him to join them in the living room every evening.,"In Chapter 1, Gregor wakes up transformed into a giant insect-like creature. By Chapter 3, his family has adapted to his condition, allowing him to observe them by leaving the living room door open in the evenings. This fact demonstrates the family's gradual acceptance of Gregor's new form.","The outline does not mention Gregor joining his family in the living room. Instead, it states that the family leaves the door open for him to observe them, which makes this corrupted fact incorrect.","Chapter 1, 3","- Chapter 1, item 1: Gregor wakes up transformed into a giant insect-like creature.
- Chapter 3, item 1: Gregor's family adapts to his condition, leaving the living room door open for him to observe them.
- Relationship: The family's adaptation to Gregor's transformation over time.",Unique,Valid claim,VALID,"1. Analysis of atomic parts:
    a. ""Gregor's transformation into a giant insect-like creature"": This part is grounded in event 1 of Chapter 1, where Gregor wakes up transformed into an insect-like creature.
    b. ""leads to his family adapting by leaving the living room door open for him to observe them in the evenings"": This part is grounded in event 1 of Chapter 3, where the family leaves the living room door open for Gregor.

2. Analysis of the relationship between atomic parts:
    a. The relationship is objectively valid and meaningful. Gregor's transformation is the catalyst for the family's adaptation, including leaving the door open for him.
    b. The relationship is not a subjective interpretation; it is a logical consequence of Gregor's transformation and the family's need to adapt to his new condition.
    c. The relationship makes sense based on the book summary and chapter outline. The summary describes the family's adaptation to Gregor's condition, and the chapter outline specifies the action of leaving the door open.

Since all considerations are satisfied, the claim is VALID.",INVALID,"1. Analysis of atomic parts:
   a. ""Gregor's transformation into a giant insect-like creature"": This part is grounded in the book summary and Chapter 1, where Gregor wakes up transformed into an insect-like creature.
   b. ""leads to his family adapting by inviting him to join them in the living room every evening"": This part is not supported by the book summary or chapter outline. While the summary and Chapter 3 outline mention that the family leaves the living room door open for Gregor to observe them, there is no indication that they invite him to join them in the living room every evening. The act of leaving the door open is not the same as an invitation to join them.

2. Analysis of the relationship between atomic parts:
   a. The relationship is not objectively valid because the claim suggests a causal link between Gregor's transformation and an invitation to join the family in the living room, which is not supported by the provided information.
   b. The relationship is a subjective interpretation and not explicitly grounded in the summary or outline.
   c. The relationship does not make sense based on the book summary and chapter outline, as there is no mention of an invitation.

Since 1b., 2a., and 2b. are not satisfied, the claim is INVALID.",multiple,kafka_metamorphosis
Grete's role in relation to Gregor evolves from caring for him by bringing food and cleaning his room to declaring that the family must get rid of him after the lodgers are disturbed by his presence during her violin performance.,Grete's role in relation to Gregor evolves from caring for him by bringing food and cleaning his room to defending him after the lodgers are disturbed by his presence during her violin performance.,"In Chapter 2, Grete takes on the responsibility of caring for Gregor. However, by Chapter 3, her attitude changes dramatically. She performs violin for the lodgers, who are disturbed by Gregor's presence. This leads to Grete declaring that they must get rid of Gregor, showing a complete shift in her feelings towards him.","The outline clearly states that Grete declares they must get rid of Gregor after the incident with the lodgers, not that she defends him. This makes the corrupted fact incorrect.","Chapter 2, 3","- Chapter 2, item 3: Grete takes on the responsibility of caring for Gregor.
- Chapter 3, item 2: Grete performs violin for the lodgers.
- Chapter 3, item 3: Grete declares that they must get rid of Gregor.
- Relationship: Grete's changing attitude towards Gregor over time.",Unique,Valid claim,VALID,"1. Analysis of each atomic part:
   a. ""Grete's role in relation to Gregor evolves from caring for him by bringing food and cleaning his room"": This part is grounded in Chapter 2, where Grete initially takes on the responsibility of caring for Gregor by bringing him food and cleaning his room.
   b. ""to declaring that the family must get rid of him after the lodgers are disturbed by his presence during her violin performance"": This part is grounded in Chapter 3, where Grete declares that they must get rid of Gregor after the lodgers are disturbed by his presence during her violin performance.

2. Analysis of the relationship between atomic parts:
   a. The relationship is objectively valid and meaningful. It shows an evolution in Grete's role and attitude towards Gregor, from caring to advocating for his removal.
   b. The relationship is not a subjective interpretation; it is explicitly stated in the chapter outline and aligns with the progression of events.
   c. The relationship makes sense based on the book summary and chapter outline, as it reflects the deterioration of Grete's compassion towards Gregor over time.

Since all considerations are satisfied, the claim is VALID.",INVALID,"1. Analysis of atomic parts:
   a. Grete's role evolves from caring for Gregor by bringing food and cleaning his room: This part is grounded in Chapter 2, where Grete takes on the responsibility of caring for Gregor, bringing him food and cleaning his room.
   b. Grete defends Gregor after the lodgers are disturbed by his presence during her violin performance: This part is not grounded in the chapter outline or the book summary. In Chapter 3, Grete declares that they must get rid of Gregor after the lodgers are disturbed, which is the opposite of defending him.

2. Analysis of the relationship between atomic parts:
   a. The relationship is not objectively valid or meaningful because the claim incorrectly states that Grete defends Gregor, whereas she actually insists on getting rid of him.
   b. The relationship is a subjective interpretation and not explicitly grounded in the summary or outline.
   c. The relationship does not make sense based on the book summary and chapter outline, as it misrepresents Grete's actions and intentions.

Since the second atomic part is not grounded in the provided information and the relationship between the parts is not valid, the claim is INVALID.",multiple,kafka_metamorphosis
The apple lodged in Gregor's back by his father's attack contributes to his eventual death alone in his room.,The apple lodged in Gregor's back by his mother's attack contributes to his eventual death alone in his room.,"In Chapter 2, Gregor's father throws apples at him, with one lodging in his back, causing severe pain. Later, in Chapter 3, Gregor dies alone in his room during the night. The connection between these events suggests that the injury inflicted by his father may have played a role in Gregor's death.","The outline clearly states that it was Gregor's father who threw the apples, not his mother. This makes the corrupted fact incorrect.","Chapter 2, 3","- Chapter 2, item 7: Gregor's father throws apples at him, with one lodging in his back.
- Chapter 3, item 4: Gregor dies alone in his room during the night.
- Relationship: Possible cause and effect between the injury and Gregor's death.",Unique,Valid claim,VALID,"1. Analysis of each atomic part:
   a. ""The apple lodged in Gregor's back by his father's attack"": This part is grounded in event 7 of Chapter 2, where Gregor's father throws apples at him, and one lodges in his back, causing severe pain.
   b. ""contributes to his eventual death alone in his room"": Gregor's death is mentioned in event 4 of Chapter 3, where he dies alone in his room. The summary also describes Gregor's physical and emotional exhaustion leading to his death.

2. Analysis of the relationship between atomic parts:
   a. The relationship is objectively valid and meaningful. The apple lodged in Gregor's back is a significant injury that contributes to his physical decline, which, combined with his emotional distress, leads to his eventual death.
   b. The relationship is not a subjective interpretation; it is a logical inference based on the events described in the summary and chapter outline.
   c. The relationship makes sense based on the book summary and chapter outline, as Gregor's injuries and isolation are contributing factors to his demise.

Since all considerations are satisfied, the claim is VALID.",INVALID,"1. Analysis of atomic parts:
   a. ""The apple lodged in Gregor's back"": This part is grounded in event 7 of Chapter 2, where Gregor's father throws apples at him, and one lodges in his back, causing severe pain.
   b. ""contributes to his eventual death alone in his room"": Gregor's death is mentioned in event 4 of Chapter 3, where he dies alone in his room. However, the summary and outline do not explicitly state that the apple injury directly contributes to his death. The summary describes Gregor's death as resulting from exhaustion and emotional wounds, but it does not explicitly link the apple injury to his death.

2. Analysis of the relationship between atomic parts:
   a. The relationship is not explicitly stated in the summary or outline. While the apple injury is a significant event causing Gregor pain, the claim that it contributes to his death is a subjective interpretation rather than an objective fact presented in the text.
   b. The relationship is a subjective interpretation and not explicitly grounded in the summary or outline.
   c. The relationship does not contradict any information in the summary or outline, but it is not explicitly supported either.

Since 1b. and 2a. are not satisfied, the claim is INVALID.",multiple,kafka_metamorphosis
"While Gregor's mother faints twice upon seeing his transformed state, the charwoman calmly discovers and reports Gregor's dead body to the family.","While Gregor's mother faints twice upon seeing his transformed state, the charwoman screams in horror upon discovering Gregor's dead body.","In Chapters 1 and 2, Gregor's mother faints when she sees his transformed state, first when he initially reveals himself and later during the furniture removal attempt. In contrast, in Chapter 3, the charwoman discovers Gregor's body the next morning and informs the family without any extreme reaction mentioned. This fact highlights the difference in reactions to Gregor's condition between his family members and an outsider.","The outline does not mention any extreme reaction from the charwoman when she discovers Gregor's body. It simply states that she informs the family, making this corrupted fact incorrect.","Chapter 1, 2, 3","- Chapter 1, item 5: Gregor's mother faints when she sees his transformed state.
- Chapter 2, item 5: Gregor's mother faints again upon seeing him during the furniture removal attempt.
- Chapter 3, item 5: The charwoman discovers Gregor's body the next morning.
- Relationship: Contrast in reactions to Gregor's condition.",Unique,Valid claim,VALID,"1. Analysis of atomic parts:
   a. ""Gregor's mother faints twice upon seeing his transformed state"": The summary and chapter outline confirm that Gregor's mother faints upon seeing him in Chapter 1 (event 5) and again in Chapter 2 (event 5). This part is grounded in the events.
   b. ""The charwoman calmly discovers and reports Gregor's dead body to the family"": The summary and Chapter 3 outline confirm that the charwoman discovers Gregor's body and informs the family (Chapter 3, event 5). There is no indication of panic or distress from the charwoman, suggesting she is calm.

2. Analysis of the relationship between atomic parts:
   a. The relationship is meaningful as it contrasts the reactions of two different characters to Gregor's transformation and death. The mother's repeated fainting highlights her emotional distress, while the charwoman's calmness underscores her detachment or practicality.
   b. The relationship is not a subjective interpretation; it is based on the explicit reactions of the characters as described in the summary and outline.
   c. The relationship makes sense based on the book summary and chapter outline, as it highlights the differing responses to Gregor's condition and eventual death.

Since all considerations are satisfied, the claim is VALID.",INVALID,"1. Analysis of atomic parts:
   a. ""Gregor's mother faints twice upon seeing his transformed state"": This part is partially grounded in the book summary and chapter outline. The summary and Chapter 1 outline mention that Gregor's mother faints upon seeing his transformed state. However, there is no explicit mention of her fainting twice.
   b. ""The charwoman screams in horror upon discovering Gregor's dead body"": This part is not explicitly mentioned in the book summary or chapter outline. The summary states that the charwoman discovers Gregor's lifeless body and informs the family, but it does not mention her screaming in horror.

2. Analysis of the relationship between atomic parts:
   a. The relationship between the two parts is not meaningful or directly connected. The claim juxtaposes two separate reactions from different characters at different times without establishing a coherent link between them.
   b. The relationship is a subjective interpretation and not explicitly grounded in the summary or outline.
   c. The relationship does not contradict any information in the summary or outline, but it lacks a meaningful connection.

Since 1a. is only partially satisfied, 1b. is not satisfied, and 2a. and 2b. are not satisfied, the claim is INVALID.",multiple,kafka_metamorphosis
Gregor's transformation into a giant insect-like creature ultimately leads to Grete declaring that the family must get rid of him.,Gregor's transformation into a giant insect-like creature ultimately leads to Grete declaring that the family must accept him.,"In Chapter 1, Gregor wakes up transformed into a giant insect-like creature. This transformation sets off a chain of events that culminates in Chapter 3 with Grete declaring that they must get rid of Gregor. The fact demonstrates the direct connection between Gregor's initial transformation and the family's eventual decision to remove him.","The corrupted fact states that Grete declares the family must accept Gregor, which is the opposite of what actually happens in the outline. Grete declares they must get rid of him, not accept him.","Chapter 1, 3","- Chapter 1, item 1: Gregor wakes up transformed into a giant insect-like creature.
- Chapter 3, item 3: Grete declares that they must get rid of Gregor.
- Relationship: Cause and effect",Unique,Valid claim,VALID,"1. Analysis of atomic parts:
   a. Gregor's transformation into a giant insect-like creature: This part is grounded in event 1 of Chapter 1, where Gregor wakes up transformed into an insect-like creature.
   b. Grete declaring that the family must get rid of him: This part is grounded in event 3 of Chapter 3, where Grete insists that they must rid themselves of Gregor.

2. Analysis of the relationship between atomic parts:
   a. The relationship is objectively valid and meaningful. Gregor's transformation is the central event that leads to the family's distress and eventual decision to get rid of him. Grete's declaration is a direct consequence of the ongoing strain caused by Gregor's condition.
   b. The relationship is not a subjective interpretation; it is explicitly supported by the progression of events in the summary and chapter outline.
   c. The relationship makes sense based on the book summary and chapter outline, as Gregor's transformation and the resulting family dynamics are central to the narrative.

Since all considerations are satisfied, the claim is VALID.",INVALID,"1. Analysis of atomic parts:
   a. ""Gregor's transformation into a giant insect-like creature"": This part is grounded in the book summary and Chapter 1 outline, where Gregor wakes up transformed into an insect-like creature.
   b. ""ultimately leads to Grete declaring that the family must accept him"": This part is not grounded in the book summary or Chapter 3 outline. Instead, Grete declares that the family must get rid of Gregor, not accept him. This is a significant contradiction.

2. Analysis of the relationship between atomic parts:
   a. The relationship is not objectively valid or meaningful because the claim incorrectly states that Grete declares the family must accept Gregor, which is the opposite of what is described in the summary and outline.
   b. The relationship is a subjective interpretation and not explicitly grounded in the summary or outline.
   c. The relationship does not make sense based on the book summary and chapter outline, as it contradicts the events where Grete insists on getting rid of Gregor.

Since the claim contains a contradiction and misrepresents the events, it is INVALID.",multiple,kafka_metamorphosis
"The chief clerk's inquiry about Gregor's absence from work leads to family discussions about their financial situation, which ultimately results in the family adapting to Gregor's condition.","The chief clerk's inquiry about Gregor's absence from work leads to family discussions about their financial situation, which ultimately results in the family deciding to send Gregor back to work.","In Chapter 1, the chief clerk arrives to inquire about Gregor's absence from work, highlighting the importance of Gregor's job. In Chapter 2, Gregor overhears his family discussing their financial situation, which is likely influenced by his inability to work. Finally, in Chapter 3, we see that the family has adapted to Gregor's condition, suggesting they have found ways to cope with the financial and practical challenges posed by his transformation.","The corrupted fact suggests that the family decides to send Gregor back to work, which is not mentioned in the outline and contradicts the fact that the family adapts to Gregor's condition.","Chapter 1, 2, 3","- Chapter 1, item 3: The chief clerk arrives to inquire about Gregor's absence from work.
- Chapter 2, item 2: Gregor listens to his family's conversations about their financial situation.
- Chapter 3, item 1: Gregor's family adapts to his condition.
- Relationship: Progression of events",Unique,Valid claim,INVALID,"1. Analysis of atomic parts:
   a. ""The chief clerk's inquiry about Gregor's absence from work"": This part is grounded in Chapter 1, events 3 and 4, where the chief clerk arrives to inquire about Gregor's absence.
   b. ""leads to family discussions about their financial situation"": This part is not directly grounded in the chapter outline. The summary mentions Gregor overhearing conversations about their financial struggles, but it does not specify that these discussions are a direct result of the chief clerk's inquiry.
   c. ""which ultimately results in the family adapting to Gregor's condition"": The summary and chapter outline indicate that the family adapts to Gregor's condition over time, but there is no direct causal link established between the chief clerk's inquiry and the family's adaptation.

2. Analysis of the relationship between atomic parts:
   a. The relationship is not objectively valid. The claim suggests a causal chain from the chief clerk's inquiry to family discussions and then to adaptation, but this sequence is not explicitly supported by the summary or outline.
   b. The relationship is a subjective interpretation, as it assumes a direct causation that is not explicitly stated.
   c. The relationship does not contradict the summary or outline, but it lacks explicit support.

Since the claim's relationship between the atomic parts is not explicitly grounded in the provided information and is based on subjective interpretation, the claim is INVALID.",INVALID,"1. Analysis of atomic parts:
   a. ""The chief clerk's inquiry about Gregor's absence from work"": This part is grounded in event 3 of Chapter 1, where the chief clerk arrives at the Samsa residence to inquire about Gregor's absence.
   b. ""leads to family discussions about their financial situation"": This part is not directly grounded in the chapter outline. While Gregor does overhear conversations about the family's financial situation in Chapter 2, there is no indication that these discussions are a direct result of the chief clerk's inquiry.
   c. ""which ultimately results in the family deciding to send Gregor back to work"": This part is not grounded in either the summary or the chapter outline. There is no mention of the family deciding to send Gregor back to work; instead, the family becomes increasingly distant and overwhelmed by Gregor's condition.

2. Analysis of the relationship between atomic parts:
   a. The relationship is not objectively valid. There is no direct causal link between the chief clerk's inquiry and the family discussions about their financial situation leading to a decision to send Gregor back to work.
   b. The relationship is a subjective interpretation and not explicitly stated in the summary or outline.
   c. The relationship does not make sense based on the book summary and chapter outline, as the family's actions are more about coping with Gregor's transformation rather than sending him back to work.

Since 1b., 1c., 2a., and 2b. are not satisfied, the claim is INVALID.",multiple,kafka_metamorphosis
Gregor's physical condition deteriorates from being injured by his father's forceful actions to his eventual death alone in his room.,Gregor's physical condition improves from being injured by his father's forceful actions to his eventual recovery in his room.,"In Chapter 1, Gregor is injured when his father forcefully pushes him back into his room. This injury is compounded in Chapter 2 when his father throws apples at him, with one lodging in Gregor's back. These injuries contribute to Gregor's declining physical state, which ultimately leads to his death alone in his room during the night, as described in Chapter 3.","The corrupted fact suggests that Gregor's condition improves and he recovers, which contradicts the outline that clearly states Gregor dies alone in his room.","Chapter 1, 2, 3","- Chapter 1, item 7: Gregor's father forcefully pushes him back into his room, injuring him.
- Chapter 2, item 7: Gregor's father throws apples at him, with one lodging in Gregor's back.
- Chapter 3, item 4: Gregor dies alone in his room during the night.
- Relationship: Progression of Gregor's physical condition",Unique,Valid claim,VALID,"1. Analysis of atomic parts:
   a. ""Gregor's physical condition deteriorates from being injured by his father's forceful actions"": This part is grounded in the events described in Chapter 1 and Chapter 2 outlines, where Gregor is injured by his father pushing him back into his room and later throwing apples at him, one of which lodges in his back, causing severe pain.
   b. ""to his eventual death alone in his room"": This part is grounded in Chapter 3, where it is stated that Gregor dies alone in his room during the night.

2. Analysis of the relationship between atomic parts:
   a. The relationship is objectively valid and meaningful. The claim describes a progression from Gregor's initial injury to his eventual death, which is consistent with the narrative of his physical and emotional decline.
   b. The relationship is not a subjective interpretation; it is a logical sequence of events as presented in the summary and chapter outline.
   c. The relationship makes sense based on the book summary and chapter outline, as Gregor's injuries and isolation contribute to his deteriorating condition and eventual death.

Since all considerations are satisfied, the claim is VALID.",INVALID,"1. Analysis of atomic parts:
   a. ""Gregor's physical condition improves from being injured by his father's forceful actions"": This part is grounded in Chapter 1, where Gregor is injured by his father pushing him back into his room and in Chapter 2, where his father throws apples at him, causing further injury.
   b. ""to his eventual recovery in his room"": There is no mention in the summary or chapter outline of Gregor recovering from his injuries. In fact, the narrative suggests a decline in his condition, leading to his eventual death in Chapter 3.

2. Analysis of the relationship between atomic parts:
   a. The relationship is not objectively valid because there is no evidence of Gregor's recovery in the provided summary or chapter outline.
   b. The relationship is a subjective interpretation and not explicitly grounded in the summary or outline.
   c. The relationship does not make sense based on the book summary and chapter outline, as Gregor's condition worsens over time, culminating in his death.

Since 1b., 2a., and 2b. are not satisfied, the claim is INVALID.",multiple,kafka_metamorphosis
"Gregor Samsa, upon waking up transformed into a giant insect-like creature, struggles to get out of bed and open his bedroom door.","Gregor Samsa, upon waking up transformed into a giant insect-like creature, easily gets out of bed and opens his bedroom door.","This fact combines two closely related events from Chapter 1. Gregor's transformation into an insect-like creature directly causes his difficulty in getting out of bed and opening his door, highlighting the immediate physical consequences of his metamorphosis.","This corrupted fact contradicts the outline by suggesting that Gregor had no difficulty with movement after his transformation, which is inconsistent with the struggle described in item 2.","Chapter 1 (Items 1, 2)","- Chapter 1, item 1: Gregor Samsa wakes up transformed into a giant insect-like creature.
- Chapter 1, item 2: Gregor struggles to get out of bed and open his bedroom door.
- Relationship: Causal - Gregor's transformation directly leads to his struggle.",Unique,Valid claim,VALID,"1. Analysis of atomic parts:
   a. ""Gregor Samsa, upon waking up transformed into a giant insect-like creature"": This part is grounded in event 1 of Chapter 1, where Gregor wakes up transformed into an insect-like creature.
   b. ""struggles to get out of bed and open his bedroom door"": This part is grounded in event 2 of Chapter 1, where Gregor struggles to get out of bed and open his bedroom door.

2. Analysis of the relationship between atomic parts:
   a. The relationship is objectively valid and meaningful. The claim describes a sequence of events where Gregor wakes up transformed and then struggles with his new form to get out of bed and open the door.
   b. The relationship is not a subjective interpretation; it is explicitly stated in the chapter outline.
   c. The relationship makes sense based on the book summary and chapter outline, as it accurately reflects the events described in both.

Since all considerations are satisfied, the claim is VALID.",INVALID,"1. Analysis of atomic parts:
    a. ""Gregor Samsa, upon waking up transformed into a giant insect-like creature"": This part is grounded in event 1 of Chapter 1, where Gregor wakes up transformed into an insect-like creature.
    b. ""easily gets out of bed and opens his bedroom door"": This part is not grounded in the chapter outline. In fact, the outline suggests the opposite, as Gregor struggles to get out of bed and open his bedroom door (event 2).

2. Analysis of the relationship between atomic parts:
    a. The relationship is not valid because the claim inaccurately describes Gregor's actions as ""easy,"" which contradicts the chapter outline.
    b. The relationship is not a subjective interpretation but rather a misrepresentation of the events described in the outline.
    c. The relationship does not make sense based on the book summary and chapter outline, as it contradicts the described struggle Gregor faces.

Since part 1b contradicts the chapter outline and the relationship between the atomic parts is not valid, the claim is INVALID.",single,kafka_metamorphosis
"The chief clerk's arrival to inquire about Gregor's absence from work leads to Gregor opening his bedroom door, revealing his transformed state to his family and the clerk.","The chief clerk's arrival to inquire about Gregor's absence from work leads to Gregor hiding under his bed, concealing his transformed state from his family and the clerk.","This fact connects two significant events from Chapter 1. The chief clerk's visit to investigate Gregor's absence serves as a catalyst for Gregor to finally open his door, resulting in the revelation of his transformed state to both his family and the clerk.","This corrupted fact contradicts the outline by suggesting that Gregor hides instead of revealing himself, which is inconsistent with item 4 where Gregor opens the door and exposes his transformation.","Chapter 1 (Items 3, 4)","- Chapter 1, item 3: The chief clerk arrives to inquire about Gregor's absence from work.
- Chapter 1, item 4: Gregor manages to open the door, revealing his transformed state.
- Relationship: Temporal and causal - The clerk's arrival prompts Gregor to reveal himself.",Unique,Valid claim,VALID,"1. Analysis of each atomic part:
   a. ""The chief clerk's arrival to inquire about Gregor's absence from work"": This part is grounded in event 3 of Chapter 1, where the chief clerk arrives at the Samsa residence to inquire about Gregor's absence.
   b. ""leads to Gregor opening his bedroom door"": This part is grounded in event 4 of Chapter 1, where Gregor manages to open the door.
   c. ""revealing his transformed state to his family and the clerk"": This part is also grounded in event 4 of Chapter 1, where Gregor's transformation is revealed to his family and the clerk.

2. Analysis of the relationship between atomic parts:
   a. The relationship is objectively valid and meaningful. The chief clerk's arrival is a catalyst for Gregor's actions, leading to the revelation of his transformed state.
   b. The relationship is not a subjective interpretation; it is explicitly stated in the chapter outline.
   c. The relationship makes sense based on the book summary and chapter outline, as the sequence of events is consistent with the narrative provided.

Since all atomic parts are grounded in the chapter outline and the relationship between them is valid and meaningful, the claim is VALID.",INVALID,"1. Analysis of atomic parts:
   a. ""The chief clerk's arrival to inquire about Gregor's absence from work"": This part is grounded in event 3 of Chapter 1, where the chief clerk arrives at the Samsa residence to inquire about Gregor's absence.
   b. ""leads to Gregor hiding under his bed, concealing his transformed state from his family and the clerk"": This part is not grounded in the chapter outline. The outline describes Gregor struggling to open the door and eventually revealing his transformed state to his family and the clerk (events 4 and 5). There is no mention of Gregor hiding under his bed or concealing his state.

2. Analysis of the relationship between atomic parts:
   a. The relationship is not valid because the sequence of events in the chapter outline does not support the claim that the chief clerk's arrival leads to Gregor hiding under his bed. Instead, Gregor reveals himself.
   b. The relationship is a subjective interpretation and not explicitly grounded in the summary or outline.
   c. The relationship does not make sense based on the book summary and chapter outline, as Gregor's transformation is exposed rather than concealed.

Since 1b. and 2a. are not satisfied, the claim is INVALID.",single,kafka_metamorphosis
"Upon seeing Gregor's transformed state, the chief clerk flees in horror and Gregor's mother faints, prompting Gregor to attempt following the clerk, but his now-aggressive father drives him back.","Upon seeing Gregor's transformed state, the chief clerk calmly stays, while Gregor's mother remains composed, allowing Gregor to freely move about as his father watches passively.","This fact combines multiple related events from Chapter 1. The reactions of the chief clerk and Gregor's family to his transformation directly lead to Gregor's attempt to follow the clerk and his father's aggressive response, illustrating the immediate consequences of Gregor's revealed state.","This corrupted fact contradicts the outline by presenting a completely different scenario where the clerk and family react calmly, and Gregor is not impeded, which is inconsistent with the horror, fainting, and aggression described in items 5 and 6.","Chapter 1 (Items 5, 6)","- Chapter 1, item 5: The chief clerk flees in horror, while Gregor's mother faints and his father becomes aggressive.
- Chapter 1, item 6: Gregor attempts to follow the chief clerk but is driven back by his father.
- Relationship: Causal - The family's reactions lead to Gregor's attempt to follow the clerk and his father's aggression.",Unique,Valid claim,VALID,"1. Analysis of each atomic part:
   a. ""Upon seeing Gregor's transformed state, the chief clerk flees in horror"": This part is grounded in event 5 of Chapter 1, where the chief clerk flees after seeing Gregor's transformation.
   b. ""Gregor's mother faints"": This part is also grounded in event 5 of Chapter 1, where Gregor's mother faints upon seeing his transformed state.
   c. ""Prompting Gregor to attempt following the clerk"": This part is grounded in event 6 of Chapter 1, where Gregor attempts to follow the chief clerk.
   d. ""But his now-aggressive father drives him back"": This part is grounded in event 7 of Chapter 1, where Gregor's father drives him back into his room.

2. Analysis of the relationship between atomic parts:
   a. The relationship is objectively valid and meaningful. The sequence of events is coherent: the chief clerk's flight and the mother's fainting are immediate reactions to Gregor's appearance, which prompts Gregor to follow, leading to his father's aggressive response.
   b. The relationship is not a subjective interpretation; it is explicitly stated in the chapter outline.
   c. The relationship makes sense based on the book summary and chapter outline, as it follows the logical progression of events described.

Since all atomic parts are grounded in the chapter outline and the relationship between them is valid and meaningful, the claim is VALID.",INVALID,"1. Analysis of atomic parts:
   a. ""Upon seeing Gregor's transformed state, the chief clerk calmly stays"": This part is not grounded in the chapter outline. In event 5 of Chapter 1, the chief clerk flees in horror upon seeing Gregor's transformed state, which contradicts the claim that he stays calmly.
   b. ""Gregor's mother remains composed"": This part is not grounded in the chapter outline. In event 5, Gregor's mother faints upon seeing his transformed state, which contradicts the claim that she remains composed.
   c. ""allowing Gregor to freely move about as his father watches passively"": This part is not grounded in the chapter outline. In events 6 and 7, Gregor's father becomes aggressive and forcefully pushes Gregor back into his room, which contradicts the claim that he watches passively and allows Gregor to move freely.

2. Analysis of the relationship between atomic parts:
   a. The relationship is not objectively valid or meaningful because each atomic part contradicts the events described in the chapter outline.
   b. The relationship is a subjective interpretation and not explicitly grounded in the summary or outline.
   c. The relationship does not make sense based on the book summary and chapter outline, as it contradicts the described events.

Since none of the atomic parts are grounded in the chapter outline and the relationship between them is not valid, the claim is INVALID.",single,kafka_metamorphosis
The attempt by Grete and her mother to remove furniture from Gregor's room leads to his mother fainting upon seeing him.,The attempt by Grete and her mother to remove furniture from Gregor's room leads to Gregor fainting upon seeing them.,"This fact establishes a direct causal relationship between two events in the chapter. The act of removing furniture creates a situation where Gregor's mother sees him, resulting in her fainting. This demonstrates the ongoing shock and distress caused by Gregor's transformation.","This corrupted version incorrectly attributes the fainting to Gregor instead of his mother, reversing the roles and misrepresenting the events described in the outline.","Chapter 2 (Items 4, 5)","- Chapter 2, item 4: Grete and their mother attempt to remove furniture from Gregor's room
- Chapter 2, item 5: Gregor's mother faints upon seeing him
- Relationship: Cause and effect",Unique,Valid claim,VALID,"1. Analysis of atomic parts:
   a. ""The attempt by Grete and her mother to remove furniture from Gregor's room"": This part is grounded in event 4 of Chapter 2, where Grete and their mother attempt to remove furniture from Gregor's room.
   b. ""leads to his mother fainting upon seeing him"": This part is grounded in event 5 of Chapter 2, where Gregor's mother faints upon seeing him.

2. Analysis of the relationship between atomic parts:
   a. The relationship is objectively valid and meaningful. The attempt to remove furniture from Gregor's room directly leads to a situation where Gregor's mother sees him, which results in her fainting. This sequence of events is causally connected.
   b. The relationship is not a subjective interpretation; it is explicitly stated in the chapter outline.
   c. The relationship makes sense based on the book summary and chapter outline. There is no contradicting information in the summary or outline.

Since all considerations are satisfied, the claim is VALID.",INVALID,"1. Analysis of atomic parts:
   a. ""The attempt by Grete and her mother to remove furniture from Gregor's room"": This part is grounded in event 4 of Chapter 2, where Grete and their mother attempt to remove furniture from Gregor's room.
   b. ""leads to Gregor fainting upon seeing them"": This part is not grounded in the chapter outline. Instead, it is Gregor's mother who faints upon seeing Gregor, as mentioned in event 5 of Chapter 2.

2. Analysis of the relationship between atomic parts:
   a. The relationship is not valid because the claim incorrectly states that Gregor faints, whereas it is his mother who faints. Therefore, the relationship between the attempt to remove furniture and Gregor fainting is not meaningful or accurate.
   b. The relationship is a subjective interpretation and not explicitly grounded in the summary or outline.
   c. The relationship contradicts the information in the chapter outline, which clearly states that it is Gregor's mother who faints.

Since 1b. and 2a. are not satisfied, the claim is INVALID.",single,kafka_metamorphosis
"Gregor's father's anger upon returning home escalates to physical violence when he throws apples at Gregor, causing one to lodge in Gregor's back.","Gregor's father's anger upon returning home leads him to throw pillows at Gregor, causing one to harmlessly bounce off Gregor's back.","This fact shows the progression of Gregor's father's emotional state from anger to violent action. It connects his initial reaction to the situation with the specific act of throwing apples, highlighting the severity of the family's distress and the physical danger Gregor faces.","This corrupted version changes the thrown objects from apples to pillows and alters the outcome from an apple lodging in Gregor's back to a harmless bounce, significantly downplaying the violence and consequences of the father's actions.","Chapter 2 (Items 6, 7)","- Chapter 2, item 6: Gregor's father returns home and becomes angry upon learning of the situation
- Chapter 2, item 7: Gregor's father throws apples at him, with one lodging in Gregor's back
- Relationship: Escalation of father's anger",Unique,Valid claim,VALID,"1. Analysis of each atomic part:
   a. ""Gregor's father's anger upon returning home"": This part is grounded in event 6 of Chapter 2, where Gregor's father becomes angry upon learning of the situation.
   b. ""escalates to physical violence when he throws apples at Gregor"": This part is grounded in event 7 of Chapter 2, where Gregor's father throws apples at him.
   c. ""causing one to lodge in Gregor's back"": This part is also grounded in event 7 of Chapter 2, where one apple lodges in Gregor's back, causing him severe pain.

2. Analysis of the relationship between atomic parts:
   a. The relationship is objectively valid and meaningful, as the sequence of events shows a clear escalation from anger to physical violence.
   b. The relationship is not a subjective interpretation; it is explicitly stated in the chapter outline.
   c. The relationship makes sense based on the book summary and chapter outline, as it aligns with the depiction of Gregor's father's reaction to Gregor's transformation.

Since all atomic parts are grounded in the chapter outline and the relationship between them is valid and meaningful, the claim is consistent with the provided information.",INVALID,"1. Analysis of atomic parts:
   a. ""Gregor's father's anger upon returning home"": This part is grounded in event 6 of Chapter 2, where Gregor's father becomes angry upon learning of the situation.
   b. ""leads him to throw pillows at Gregor"": This part is not grounded in the chapter outline. Instead, event 7 describes Gregor's father throwing apples at him, not pillows.
   c. ""causing one to harmlessly bounce off Gregor's back"": This part is not grounded in the chapter outline. The outline specifies that an apple lodges in Gregor's back, causing him severe pain, which contradicts the claim that something bounces off harmlessly.

2. Analysis of the relationship between atomic parts:
   a. The relationship is not valid because the actions described (throwing pillows and harmlessly bouncing) do not occur in the chapter outline.
   b. The relationship is a subjective interpretation and not explicitly grounded in the summary or outline.
   c. The relationship contradicts the information in the chapter outline, where the father throws apples, not pillows, and one apple causes severe pain.

Since parts 1b., 1c., 2a., and 2c. are not satisfied, the claim is INVALID.",single,kafka_metamorphosis
"The food Gregor discovers upon waking in the evening is provided by his sister Grete, who has taken on the responsibility of caring for him.","The food Gregor discovers upon waking in the evening is provided by his mother, who has taken on the responsibility of caring for him.","This fact connects two separate items from the chapter outline, providing a clear link between the food Gregor finds and the person responsible for leaving it. It demonstrates Grete's new role in the family dynamic and how it directly affects Gregor's daily life.","This corrupted version incorrectly attributes the care-taking role to Gregor's mother instead of Grete, contradicting the information provided in the chapter outline.","Chapter 2 (Items 1, 3)","- Chapter 2, item 1: Gregor wakes up in the evening and discovers food left for him
- Chapter 2, item 3: Grete takes on the responsibility of caring for him, bringing him food
- Relationship: Clarification of who is providing food for Gregor",Unique,Valid claim,VALID,"1. Analysis of atomic parts:
    a. ""The food Gregor discovers upon waking in the evening is provided by his sister Grete"": This part is grounded in the chapter outline, specifically in event 1 of Chapter 2, where Gregor wakes up and discovers food left for him. Event 3 further supports that Grete takes on the responsibility of caring for Gregor, which includes bringing him food.
    b. ""Grete has taken on the responsibility of caring for him"": This part is explicitly stated in event 3 of Chapter 2, where Grete is described as taking on the responsibility of caring for Gregor.

2. Analysis of the relationship between atomic parts:
    a. The relationship is objectively valid and meaningful. Grete providing food to Gregor is a direct result of her taking on the responsibility of caring for him.
    b. The relationship is not a subjective interpretation; it is explicitly grounded in the chapter outline.
    c. The relationship makes sense based on the book summary and chapter outline, as it aligns with the narrative of Grete initially showing compassion and taking care of Gregor.

Since all considerations are satisfied, the claim is VALID.",INVALID,"1. Analysis of atomic parts:
   a. ""The food Gregor discovers upon waking in the evening is provided by his mother"": This part is not grounded in the chapter outline. The outline states that Gregor discovers food left for him, but it does not specify who provided it. The summary indicates that Grete, Gregor's sister, takes on the responsibility of caring for him, which includes bringing him food.
   b. ""who has taken on the responsibility of caring for him"": This part contradicts the information in both the summary and the chapter outline. The summary and outline clearly state that Grete, not Gregor's mother, takes on the responsibility of caring for him.

2. Analysis of the relationship between atomic parts:
   a. The relationship is not valid because the claim incorrectly attributes the responsibility of caring for Gregor to his mother, which contradicts the information provided in the summary and outline.
   b. The relationship is a subjective interpretation and not explicitly grounded in the summary or outline.
   c. The relationship does not make sense based on the book summary and chapter outline, as it misattributes the caregiver role.

Since 1a., 1b., 2a., and 2c. are not satisfied, the claim is INVALID.",single,kafka_metamorphosis
The three lodgers taken in by the Samsa family are evicted by Mr. Samsa after they see Gregor's corpse.,The three lodgers taken in by the Samsa family are evicted by Mr. Samsa after they refuse to pay rent.,"This fact combines two specific events from Chapter 3. It shows a clear temporal and causal relationship between the lodgers being taken in and their subsequent eviction, which is directly linked to their discovery of Gregor's transformed state.","This corrupted version changes the reason for the lodgers' eviction, introducing a financial dispute that is not mentioned in the chapter outline.","Chapter 3 (Items 2, 6)","- Chapter 3, item 2: The family takes in three lodgers
- Chapter 3, item 6: The lodgers are evicted by Mr. Samsa after seeing Gregor's corpse
- Relationship: Temporal and causal",Unique,Valid claim,VALID,"1. Analysis of each atomic part:
   a. ""The three lodgers taken in by the Samsa family"": This part is grounded in event 2 of Chapter 3, where the family takes in three lodgers.
   b. ""are evicted by Mr. Samsa"": This part is grounded in event 6 of Chapter 3, where the lodgers are evicted by Mr. Samsa.
   c. ""after they see Gregor's corpse"": This part is grounded in event 6 of Chapter 3, which follows the discovery of Gregor's body by the charwoman in event 5.

2. Analysis of the relationship between atomic parts:
   a. The relationship is objectively valid and meaningful. The sequence of events in the chapter outline suggests that the lodgers' eviction is a direct consequence of seeing Gregor's corpse.
   b. The relationship is not a subjective interpretation; it is explicitly stated in the chapter outline.
   c. The relationship makes sense based on the book summary and chapter outline. There is no contradiction between the claim and the provided information.

Since all atomic parts are grounded in the chapter outline and the relationship between them is valid and meaningful, the claim is VALID.",INVALID,"1. Analysis of atomic parts:
    a. ""The three lodgers taken in by the Samsa family"": This part is grounded in event 2 of Chapter 3, where the family takes in three lodgers.
    b. ""are evicted by Mr. Samsa"": This part is grounded in event 6 of Chapter 3, where the lodgers are evicted by Mr. Samsa.
    c. ""after they refuse to pay rent"": This part is not mentioned in either the book summary or the chapter outline. The chapter outline states that the lodgers are evicted after seeing Gregor's corpse, not due to a refusal to pay rent.

2. Analysis of the relationship between atomic parts:
    a. The relationship is not objectively valid because the reason for the eviction (refusal to pay rent) is not supported by the provided information. The eviction is due to the lodgers' reaction to Gregor's corpse.
    b. The relationship is a subjective interpretation and not explicitly grounded in the summary or outline.
    c. The relationship does not make sense based on the book summary and chapter outline, as the eviction is linked to the lodgers' reaction to Gregor's appearance, not a rent issue.

Since 1c. and 2a. are not satisfied, the claim is INVALID.",single,kafka_metamorphosis
Grete declares that the family must get rid of Gregor after the lodgers are disturbed by his presence during her violin performance.,Grete declares that the family must get rid of Gregor after he interrupts her violin performance.,"This fact connects two specific events from Chapter 3, showing a clear causal relationship between the lodgers' reaction to Gregor's presence and Grete's subsequent declaration. It demonstrates how the incident with the lodgers directly influences Grete's attitude towards her brother.","This corrupted version changes the cause of Grete's declaration, suggesting that Gregor directly interrupted her performance, which is not stated in the chapter outline.","Chapter 3 (Items 2, 3)","- Chapter 3, item 2: The lodgers are disturbed by Gregor's presence during Grete's violin performance
- Chapter 3, item 3: Grete declares that they must get rid of Gregor
- Relationship: Causal",Unique,Valid claim,VALID,"1. Analysis of atomic parts:
   a. ""Grete declares that the family must get rid of Gregor"": This part is grounded in event 3 of Chapter 3, where Grete insists that they must rid themselves of Gregor.
   b. ""after the lodgers are disturbed by his presence during her violin performance"": This part is grounded in event 2 of Chapter 3, where the lodgers are disturbed by Gregor's presence during Grete's violin performance.

2. Analysis of the relationship between atomic parts:
   a. The relationship is objectively valid and meaningful. The sequence of events suggests that Grete's declaration is a reaction to the lodgers being disturbed, which is a logical progression of events.
   b. The relationship is not a subjective interpretation; it is explicitly stated in the chapter outline and aligns with the book summary.
   c. The relationship makes sense based on the book summary and chapter outline, as the disturbance caused by Gregor's presence during the violin performance leads to Grete's declaration.

Since all considerations are satisfied, the claim is VALID.",VALID,"1. Analysis of atomic parts:
    a. ""Grete declares that the family must get rid of Gregor"": This part is grounded in event 3 of Chapter 3, where Grete insists that they must rid themselves of Gregor.
    b. ""after he interrupts her violin performance"": This part is grounded in event 2 of Chapter 3, where Gregor's presence during Grete's violin performance disturbs the lodgers.

2. Analysis of the relationship between atomic parts:
    a. The relationship is objectively valid and meaningful. The sequence of events suggests that Grete's declaration is a reaction to the incident during the violin performance, which is a turning point for the family.
    b. The relationship is not a subjective interpretation; it is explicitly supported by the sequence of events in the chapter outline.
    c. The relationship makes sense based on the book summary and chapter outline, as the violin performance incident is a catalyst for Grete's decision.

Since all considerations are satisfied, the claim is VALID.",single,kafka_metamorphosis
"After Grete declares that the family must get rid of Gregor, causing him to retreat to his room, Gregor dies alone in his room during the night.","After Grete declares that the family must get rid of Gregor, he commits suicide in his room during the night.","This fact combines two consecutive events from Chapter 3, showing a clear temporal relationship and suggesting a potential causal link between Grete's declaration, Gregor's retreat, and his subsequent death. It highlights the emotional impact of Grete's words on Gregor and its possible contribution to his demise.","This corrupted version specifies the cause of Gregor's death as suicide, which is not stated in the chapter outline and introduces an interpretation not supported by the given information.","Chapter 3 (Items 3, 4)","- Chapter 3, item 3: Grete declares that they must get rid of Gregor, causing him to retreat to his room
- Chapter 3, item 4: Gregor dies alone in his room during the night
- Relationship: Temporal and potentially causal",Unique,Valid claim,VALID,"1. Analysis of atomic parts:
    a. ""After Grete declares that the family must get rid of Gregor"": This part is grounded in event 3 of Chapter 3, where Grete insists that they must rid themselves of Gregor.
    b. ""causing him to retreat to his room"": This part is also grounded in event 3 of Chapter 3, where Gregor retreats to his room after Grete's declaration.
    c. ""Gregor dies alone in his room during the night"": This part is grounded in event 4 of Chapter 3, where Gregor dies alone in his room.

2. Analysis of the relationship between atomic parts:
    a. The relationship is objectively valid and meaningful. Grete's declaration and Gregor's subsequent retreat to his room are directly connected, leading to the event of his death.
    b. The relationship is not a subjective interpretation; it is explicitly stated in the chapter outline.
    c. The relationship makes sense based on the book summary and chapter outline, as it follows the sequence of events leading to Gregor's death.

Since all atomic parts are grounded in the chapter outline and the relationship between them is valid and meaningful, the claim is consistent with the provided information.",INVALID,"1. Analysis of atomic parts:
   a. ""After Grete declares that the family must get rid of Gregor"": This part is grounded in event 3 of Chapter 3, where Grete insists that they must rid themselves of Gregor.
   b. ""he commits suicide in his room during the night"": This part is not explicitly grounded in the chapter outline or the book summary. The summary states that Gregor ""succumbs to his injuries and dies alone in his room,"" but it does not mention suicide. The implication is that his death is due to his physical and emotional exhaustion, not an intentional act of suicide.

2. Analysis of the relationship between atomic parts:
   a. The relationship is not objectively valid because the claim of suicide is not supported by the summary or outline. Gregor's death is described as a result of his injuries and emotional state, not a deliberate act.
   b. The relationship is a subjective interpretation, as the claim of suicide is not explicitly stated in the summary or outline.
   c. The relationship does not make sense based on the book summary and chapter outline, as there is no indication that Gregor's death was a suicide.

Since 1b., 2a., and 2b. are not satisfied, the claim is INVALID.",single,kafka_metamorphosis
