facts,corrupted_facts,fact_reasoning,corrupted_reasoning,source,brainstorm,duplication,duplication_reasoning,verify_facts,verify_facts_reasoning,verify_corruption,verify_corruption_reasoning
"The letters read by the man in the corner, allegedly from Smethurst, set up an appointment at Fenchurch Street Station, which aligns with witness testimony in court about Smethurst's arrival at that location and his interaction with a shabbily dressed man.","The letters read by the man in the corner, allegedly from Smethurst, set up an appointment at Victoria Station, which aligns with witness testimony in court about Smethurst's arrival at that location and his interaction with a shabbily dressed man.","In Chapter 1, the man in the corner reads letters that mention an appointment at Fenchurch Street Station. This detail is corroborated in Chapter 2 by witness testimony in court about Smethurst's arrival at the same location and his interaction with a shabbily dressed man, suggesting a connection between the letters and the actual events.","The corrupted fact incorrectly states that the appointment was at Victoria Station, while the original chapters specifically mention Fenchurch Street Station.","Chapter 1, 2","- Chapter 1, item 6: The man in the corner reads two letters allegedly from Smethurst, one promising a meeting and another setting up an appointment at Fenchurch Street Station.
- Chapter 2, item 3: In court, witnesses testify about Smethurst's arrival at Fenchurch Street station and his interaction with a shabbily dressed man.
- Relationship: The letters and the witness testimony are connected through the location of Fenchurch Street Station.",Unique,Valid claim,VALID,"1. Analysis of atomic parts:
   a. ""The letters read by the man in the corner, allegedly from Smethurst, set up an appointment at Fenchurch Street Station"": This part is grounded in Chapter 1, event 6, where the man in the corner reads letters that set up an appointment at Fenchurch Street Station.
   b. ""which aligns with witness testimony in court about Smethurst's arrival at that location and his interaction with a shabbily dressed man"": This part is grounded in Chapter 2, event 3, where witnesses testify about Smethurst's arrival at Fenchurch Street Station and his interaction with a shabbily dressed man.

2. Analysis of the relationship between atomic parts:
   a. The relationship is objectively valid and meaningful. The letters setting up an appointment at Fenchurch Street Station align with the witness testimony about Smethurst's presence at that location, suggesting a connection between the letters and the events that transpired.
   b. The relationship is not a subjective interpretation; it is explicitly grounded in the chapter outline.
   c. The relationship makes sense based on the book summary and chapter outline, as it connects the letters to the events at Fenchurch Street Station without any contradictions.

Since all considerations are satisfied, the claim is VALID.",INVALID,"1. Analysis of atomic parts:
   a. ""The letters read by the man in the corner, allegedly from Smethurst, set up an appointment at Victoria Station"": This part is not grounded in the chapter outline. The outline specifies that the letters set up an appointment at Fenchurch Street Station, not Victoria Station.
   b. ""which aligns with witness testimony in court about Smethurst's arrival at that location and his interaction with a shabbily dressed man"": The chapter outline mentions witness testimony about Smethurst's arrival at Fenchurch Street Station, not Victoria Station, and his interaction with a shabbily dressed man.

2. Analysis of the relationship between atomic parts:
   a. The relationship is not objectively valid because the claim incorrectly states the location as Victoria Station, whereas the chapter outline specifies Fenchurch Street Station.
   b. The relationship is not a subjective interpretation but is based on incorrect information.
   c. The relationship does not make sense based on the book summary and chapter outline, as the locations do not match.

Since the claim contains incorrect information about the location and does not align with the chapter outline, it is INVALID."
"Sir Arthur Inglewood presents witnesses who claim to have seen Kershaw alive six days after the supposed murder, which contradicts the man in the corner's theory that the body found was actually Smethurst's and Kershaw was the murderer.","Sir Arthur Inglewood presents witnesses who claim to have seen Smethurst alive six days after the supposed murder, which supports the man in the corner's theory that the body found was actually Kershaw's and Smethurst was the murderer.","In Chapter 2, Sir Arthur Inglewood presents witnesses who claim to have seen Kershaw alive after the supposed murder date. However, in Chapter 3, the man in the corner proposes a theory that contradicts this testimony, suggesting that the body found was actually Smethurst's and Kershaw was the murderer. This contradiction highlights the complexity of the case.","The corrupted fact incorrectly states that the witnesses saw Smethurst alive and that this supports the man's theory, while the original chapters state the opposite.","Chapter 2, 3","- Chapter 2, item 4: Sir Arthur Inglewood, Smethurst's lawyer, presents two witnesses who saw Kershaw alive six days after the supposed murder.
- Chapter 3, item 5: The man reveals his theory that the body found was actually Francis Smethurst's, and William Kershaw was the murderer.
- Relationship: The witness testimony and the man's theory contradict each other regarding Kershaw's fate.",Unique,Valid claim,VALID,"1. Analysis of atomic parts:
   a. ""Sir Arthur Inglewood presents witnesses who claim to have seen Kershaw alive six days after the supposed murder"": This part is grounded in event 4 of Chapter 2, where Sir Arthur Inglewood presents witnesses who testify about seeing Kershaw alive after the alleged murder.
   b. ""which contradicts the man in the corner's theory that the body found was actually Smethurst's and Kershaw was the murderer"": This part is grounded in event 5 of Chapter 3, where the man in the corner theorizes that the body found was Smethurst's and that Kershaw was the murderer.

2. Analysis of the relationship between atomic parts:
   a. The relationship is objectively valid and meaningful. The presentation of witnesses claiming to have seen Kershaw alive contradicts the man in the corner's theory, as it challenges the idea that Kershaw was the murderer and that the body was Smethurst's.
   b. The relationship is not a subjective interpretation; it is explicitly stated in the chapter outline that the witnesses' testimony contradicts the man in the corner's theory.
   c. The relationship makes sense based on the book summary and chapter outline, as it highlights a key contradiction in the investigation and the man in the corner's deduction.

Since all considerations are satisfied, the claim is VALID.",INVALID,"1. Analysis of atomic parts:
   a. ""Sir Arthur Inglewood presents witnesses who claim to have seen Smethurst alive six days after the supposed murder"": This part is grounded in Chapter 2, where Sir Arthur Inglewood presents witnesses who testify about seeing Kershaw alive six days after the supposed murder.
   b. ""which supports the man in the corner's theory that the body found was actually Kershaw's and Smethurst was the murderer"": This part is not consistent with the man in the corner's theory. According to Chapter 3, the man in the corner theorizes that the body found was actually Francis Smethurst's, and William Kershaw was the murderer, not the other way around.

2. Analysis of the relationship between atomic parts:
   a. The relationship is not objectively valid because the claim misrepresents the man in the corner's theory. The witnesses' testimony about seeing Kershaw alive supports the theory that Kershaw assumed Smethurst's identity, not that Smethurst was the murderer.
   b. The relationship is a misinterpretation of the events and theories presented in the chapter outline.
   c. The relationship does not make sense based on the book summary and chapter outline, as it contradicts the man in the corner's deduction.

Since the claim misrepresents the man in the corner's theory and the relationship between the atomic parts is not valid, the claim is INVALID."
"After visiting Mr. Shipman, who had bought diamonds from Mr. Knopf, detectives investigate his house and find evidence of a break-in through a glass-panelled door from the garden.","After visiting Mr. Shipman, who had sold diamonds to Mr. Knopf, detectives investigate his house and find no evidence of a break-in.","In Chapter 4, detectives visit Mr. Shipman, who had purchased diamonds from Mr. Knopf. This visit is followed up in Chapter 5 with an investigation of Mr. Shipman's house, where evidence of a break-in is discovered. This sequence of events shows the progression of the investigation and the connection between the diamond purchase and the subsequent theft.","The corrupted fact incorrectly states that Mr. Shipman sold diamonds to Mr. Knopf and that no evidence of a break-in was found, which contradicts the information provided in the original chapters.","Chapter 4, 5","- Chapter 4, item 6: The detective and inspector visit Mr. Shipman, who had bought diamonds from Mr. Knopf the previous night.
- Chapter 5, item 2: Detectives investigate Mr. Shipman's house, finding evidence of a break-in through a glass-panelled door from the garden.
- Relationship: The visit to Mr. Shipman's house and the subsequent investigation are connected through the location and the diamond theft.",Unique,Valid claim,VALID,"1. Analysis of atomic parts:
    a. ""After visiting Mr. Shipman, who had bought diamonds from Mr. Knopf"": This part is grounded in Chapter 4, event 6, where detectives visit Mr. Shipman, who had bought diamonds from Mr. Knopf.
    b. ""detectives investigate his house and find evidence of a break-in through a glass-panelled door from the garden"": This part is grounded in Chapter 5, event 2, where detectives investigate Mr. Shipman's house and find evidence of a break-in.

2. Analysis of the relationship between atomic parts:
    a. The relationship is objectively valid and meaningful. The sequence of events suggests that after visiting Mr. Shipman, the detectives proceed to investigate his house, which is a logical progression in the investigation.
    b. The relationship is not a subjective interpretation or assumption; it is explicitly stated in the chapter outline.
    c. The relationship makes sense based on the book summary and chapter outline, as it follows the logical flow of the investigation process.

Since all considerations are satisfied, the claim is VALID.",INVALID,"1. Analysis of atomic parts:
    a. ""After visiting Mr. Shipman, who had sold diamonds to Mr. Knopf"": This part is not grounded in the chapter outline. The outline states that Mr. Shipman bought diamonds from Mr. Knopf, not sold them.
    b. ""detectives investigate his house"": This part is grounded in Chapter 5, event 2, where detectives investigate Mr. Shipman's house.
    c. ""find no evidence of a break-in"": This part contradicts Chapter 5, event 2, which states that detectives find evidence of a break-in through a glass-panelled door from the garden.

2. Analysis of the relationship between atomic parts:
    a. The relationship is not valid because the claim contains incorrect information about the transaction between Mr. Shipman and Mr. Knopf and the findings of the detectives.
    b. The relationship is not a subjective interpretation but is based on incorrect details.
    c. The relationship does not make sense based on the chapter outline, as it contradicts the events described.

Since parts 1a and 1c are not grounded in the chapter outline and the relationship between the atomic parts is not valid, the claim is INVALID."
Lord Arthur's financial difficulty due to Peppercorn's unexpected loss in the race is corroborated by James Terry's testimony about a conversation with Lavender regarding a debt owed by Lord Arthur.,Lord Arthur's financial success due to Peppercorn's unexpected win in the race is contradicted by James Terry's testimony about a conversation with Lavender regarding a debt owed to Lord Arthur.,"In Chapter 7, it's mentioned that Lord Arthur faces financial difficulty after his horse Peppercorn unexpectedly loses a race he had heavily backed. This financial strain is further evidenced in Chapter 8, where James Terry, a bookmaker, testifies about a conversation with Lavender concerning a debt owed by Lord Arthur. This connection suggests that the race loss directly impacted Lord Arthur's financial situation, leading to the debt discussed in the testimony.","The corrupted fact incorrectly states that Peppercorn won the race and that Lord Arthur was owed money, which is the opposite of what is stated in the original chapters.","Chapter 7, 8","- Chapter 7, item 3: Peppercorn unexpectedly loses the race, putting Lord Arthur in financial difficulty as he had heavily backed his horse.
- Chapter 8, item 2: James Terry, a bookmaker, testifies about a conversation he had with Lavender regarding a debt owed by Lord Arthur.
- Relationship: The financial difficulty caused by Peppercorn's loss is connected to the debt mentioned in Terry's testimony.",Unique,Valid claim,VALID,"1. Analysis of atomic parts:
   a. ""Lord Arthur's financial difficulty due to Peppercorn's unexpected loss in the race"": This part is grounded in event 3 of Chapter 7, where it is mentioned that Peppercorn's loss put Lord Arthur in financial difficulty.
   b. ""James Terry's testimony about a conversation with Lavender regarding a debt owed by Lord Arthur"": This part is grounded in event 2 of Chapter 8, where James Terry testifies about a conversation with Lavender concerning a debt owed by Lord Arthur.

2. Analysis of the relationship between atomic parts:
   a. The relationship is objectively valid and meaningful. The financial difficulty faced by Lord Arthur due to the loss of the race is directly related to the debt mentioned in James Terry's testimony. This connection is logical and coherent, as financial difficulty often leads to debts.
   b. The relationship is not a subjective interpretation or assumption; it is explicitly supported by the events described in the chapter outline.
   c. The relationship makes sense based on the book summary and chapter outline, as both parts are consistent with the information provided.

Since all considerations are satisfied, the claim is VALID.",INVALID,"1. Analysis of atomic parts:
    a. ""Lord Arthur's financial success due to Peppercorn's unexpected win in the race"": This part is not grounded in the chapter outline. In fact, the outline states that Peppercorn unexpectedly loses the race, putting Lord Arthur in financial difficulty (Chapter 7, event 3).
    b. ""James Terry's testimony about a conversation with Lavender regarding a debt owed to Lord Arthur"": This part is grounded in Chapter 8, event 2, where James Terry testifies about a conversation with Lavender regarding a debt.

2. Analysis of the relationship between atomic parts:
    a. The relationship is not valid because the first atomic part is factually incorrect based on the chapter outline. Peppercorn did not win the race, and thus, there is no financial success for Lord Arthur to be contradicted by James Terry's testimony.
    b. The relationship is a subjective interpretation and not explicitly grounded in the summary or outline.
    c. The relationship does not make sense based on the book summary and chapter outline, as the premise of Lord Arthur's financial success is incorrect.

Since 1a. is not satisfied and 2a. and 2b. are not valid, the claim is INVALID."
"The small bottle found in the dead woman's satchel by the police and medical officer is likely related to the method of the crime committed by Mr. Hazeldene, as revealed by the man in the corner to Miss Polly.","The large knife found in the dead woman's satchel by the police and medical officer is unrelated to the method of the crime committed by Mr. Errington, as revealed by the man in the corner to Miss Polly.","In Chapter 10, a small bottle is found in the dead woman's satchel during the initial investigation. Later, in Chapter 11, the man in the corner reveals to Miss Polly that Mr. Hazeldene is the actual murderer and explains the method of the crime. The presence of the bottle at the crime scene and its mention in the context of the murder method suggests a connection between the two, implying that the bottle may have been used in the commission of the crime.","The corrupted fact incorrectly mentions a large knife instead of a small bottle, wrongly identifies Mr. Errington as the murderer instead of Mr. Hazeldene, and states that the item is unrelated to the crime method, all of which contradict the information provided in the original chapters.","Chapter 10, 11","- Chapter 10, item 2: The police and medical officer arrive at the scene, confirming the woman's death and finding a small bottle in her satchel.
- Chapter 11, item 6: The man in the corner reveals to Miss Polly that Mr. Hazeldene is the actual murderer, explaining the motive and method of the crime.
- Relationship: The small bottle found at the scene is likely connected to the method of the crime revealed by the man in the corner.",Unique,Valid claim,VALID,"1. Analysis of atomic parts:
   a. ""The small bottle found in the dead woman's satchel by the police and medical officer"": This part is grounded in event 2 of Chapter 10, where the police and medical officer find a small bottle in Mrs. Hazeldene's satchel.
   b. ""is likely related to the method of the crime committed by Mr. Hazeldene"": This part is consistent with the man in the corner's deduction in Chapter 11, where he reveals to Miss Polly that Mr. Hazeldene is the actual murderer. The method of the crime involved prussic acid poisoning, as mentioned in event 5 of Chapter 10.

2. Analysis of the relationship between atomic parts:
   a. The relationship is objectively valid and meaningful. The small bottle found in Mrs. Hazeldene's satchel is likely related to the method of the crime, as the poisoning was by prussic acid, and the man in the corner identifies Mr. Hazeldene as the murderer.
   b. The relationship is not a subjective interpretation; it is grounded in the deduction made by the man in the corner and the evidence presented in the chapter outline.
   c. The relationship makes sense based on the book summary and chapter outline, as it aligns with the man in the corner's revelation about Mr. Hazeldene's involvement in the crime.

Since all considerations are satisfied, the claim is VALID.",INVALID,"1. Analysis of atomic parts:
   a. ""The large knife found in the dead woman's satchel by the police and medical officer"": This part is not grounded in the chapter outline. The outline mentions a small bottle found in Mrs. Hazeldene's satchel, but there is no mention of a large knife.
   b. ""is unrelated to the method of the crime committed by Mr. Errington"": The chapter outline does not mention Mr. Errington committing the crime. Instead, it suggests that Mr. Hazeldene is the actual murderer, as revealed by the man in the corner.
   c. ""as revealed by the man in the corner to Miss Polly"": This part is partially grounded, as the man in the corner does reveal the true murderer to Miss Polly, but it is Mr. Hazeldene, not Mr. Errington.

2. Analysis of the relationship between atomic parts:
   a. The relationship is not meaningful because the claim incorrectly attributes the crime to Mr. Errington, whereas the chapter outline and summary indicate Mr. Hazeldene as the murderer.
   b. The relationship is a subjective interpretation and not explicitly grounded in the summary or outline, as it incorrectly links the knife to Mr. Errington and the crime.
   c. The relationship does not make sense based on the book summary and chapter outline, as it misrepresents the details of the crime and the murderer.

Since the claim contains incorrect information and misrepresents the events and characters involved, it is INVALID."
"The jewelry worth £10,500 selected by Prince Semionicz and paid for with apparent Bank of England notes is the same amount that Mr. Schwarz senior later reimburses to Messrs. Winslow and Vassall.","The jewelry worth £15,000 selected by Prince Semionicz and paid for with apparent Bank of England notes is a different amount from the £10,500 that Mr. Schwarz senior later reimburses to Messrs. Winslow and Vassall.","In Chapter 12, Prince Semionicz selects jewelry worth £10,500 and pays Mr. Schwarz with what appear to be Bank of England notes. Later, in Chapter 13, it's mentioned that Mr. Schwarz senior reimburses Messrs. Winslow and Vassall for the exact same amount of £10,500. This consistency in the amount connects the initial transaction with the subsequent reimbursement, suggesting that the reimbursement was directly related to the jewelry sale.","The corrupted fact incorrectly states the initial jewelry value as £15,000, which differs from the consistent £10,500 mentioned in both chapters of the original outline.","Chapter 12, 13","- Chapter 12, item 3: Prince Semionicz selects jewelry worth £10,500 and pays Mr. Schwarz with what appear to be Bank of England notes.
- Chapter 13, item 6: Mr. Schwarz senior reimburses Messrs. Winslow and Vassall for the full amount of £10,500.
- Relationship: The amount of £10,500 is consistent in both chapters, connecting the initial transaction and the reimbursement.",Unique,Valid claim,VALID,"1. Analysis of atomic parts:
    a. ""The jewelry worth £10,500 selected by Prince Semionicz and paid for with apparent Bank of England notes"": This part is grounded in Chapter 12, events 1 and 2, where Prince Semionicz selects jewelry worth £10,500 and pays Mr. Schwarz with what appear to be Bank of England notes.
    b. ""is the same amount that Mr. Schwarz senior later reimburses to Messrs. Winslow and Vassall"": This part is grounded in Chapter 13, event 6, where Mr. Schwarz senior reimburses Messrs. Winslow and Vassall for the full amount of £10,500.

2. Analysis of the relationship between atomic parts:
    a. The relationship is objectively valid and meaningful because both parts refer to the same monetary amount of £10,500, which is consistent with the events described in the chapter outlines.
    b. The relationship is not a subjective interpretation or assumption; it is explicitly stated in the chapter outlines.
    c. The relationship makes sense based on the book summary and chapter outline, as it connects the amount of money involved in the transaction and the reimbursement.

Since all considerations are satisfied, the claim is VALID.",INVALID,"1. Analysis of atomic parts:
    a. ""The jewelry worth £15,000 selected by Prince Semionicz"": This part is not grounded in the chapter outline. According to Chapter 12, Prince Semionicz selects jewelry worth £10,500, not £15,000.
    b. ""paid for with apparent Bank of England notes"": This part is grounded in event 2 of Chapter 12, where Prince Semionicz pays Mr. Schwarz with what appear to be Bank of England notes.
    c. ""is a different amount from the £10,500 that Mr. Schwarz senior later reimburses to Messrs. Winslow and Vassall"": This part is grounded in event 6 of Chapter 13, where Mr. Schwarz senior reimburses the amount of £10,500.

2. Analysis of the relationship between atomic parts:
    a. The relationship is not valid because the initial amount of jewelry selected is incorrectly stated as £15,000 instead of £10,500. Therefore, the comparison between the two amounts is based on incorrect information.
    b. The relationship is not a subjective interpretation but is based on incorrect data from the chapter outline.
    c. The relationship does not make sense based on the chapter outline, as the initial amount of jewelry selected is misstated.

Since 1a. is not satisfied and the relationship is based on incorrect information, the claim is INVALID."
Mrs. Ireland's denial of seeing or speaking to her husband at 10 PM on the night of the theft contradicts the earlier account of her finding Mr. Ireland unconscious in his office on the morning of the theft.,Mrs. Ireland's confirmation of seeing and speaking to her husband at 10 PM on the night of the theft supports the earlier account of her finding Mr. Ireland conscious in his office on the morning of the theft.,"In Chapter 18, it's stated that Mr. Ireland is found unconscious by his wife and the servant on the morning of the theft. However, in Chapter 19, Mrs. Ireland denies seeing or speaking to her husband at 10 PM on the night of the theft when questioned by the detective. This contradiction in Mrs. Ireland's statements raises questions about her involvement or knowledge of the events surrounding the theft.","The corrupted fact incorrectly states that Mrs. Ireland confirmed seeing her husband and that he was found conscious, which contradicts the information provided in the original chapters.","Chapter 18, 19","- Chapter 18, item 3: On the morning of the theft, Mr. Ireland, the bank manager, goes to his office earlier than usual and is found unconscious by his wife and the servant.
- Chapter 19, item 3: Mrs. Ireland is questioned by the detective and denies seeing or speaking to her husband at 10 PM on the night of the theft.
- Relationship: Mrs. Ireland's statement contradicts the earlier account of finding her husband unconscious.",Unique,Valid claim,INVALID,"1. Analysis of atomic parts:
    a. ""Mrs. Ireland's denial of seeing or speaking to her husband at 10 PM on the night of the theft"": This part is grounded in event 3 of Chapter 19, where Mrs. Ireland denies seeing or speaking to her husband at that time.
    b. ""contradicts the earlier account of her finding Mr. Ireland unconscious in his office on the morning of the theft"": This part is grounded in event 4 of Chapter 18, where Mrs. Ireland finds Mr. Ireland unconscious in his office the following morning.

2. Analysis of the relationship between atomic parts:
    a. The relationship is not meaningful or valid. The claim suggests a contradiction between Mrs. Ireland's denial of seeing her husband at 10 PM and her finding him unconscious the next morning. However, these events occur at different times and do not inherently contradict each other. The denial pertains to the night of the theft, while finding him unconscious pertains to the morning after.
    b. The relationship is a subjective interpretation and not explicitly grounded in the summary or outline. There is no direct evidence in the provided information that these two events are contradictory.
    c. The relationship does not contradict any information in the summary or outline, but it does not establish a meaningful contradiction as claimed.

Since 2a. and 2b. are not satisfied, the claim is INVALID.",INVALID,"1. Analysis of atomic parts:
   a. ""Mrs. Ireland's confirmation of seeing and speaking to her husband at 10 PM on the night of the theft"": This part is not grounded in the chapter outline. In Chapter 19, Mrs. Ireland denies seeing or speaking to her husband at 10 PM on the night of the theft, contradicting this part of the claim.
   b. ""supports the earlier account of her finding Mr. Ireland conscious in his office on the morning of the theft"": This part is grounded in Chapter 18, where Mrs. Ireland and the servant find Mr. Ireland unconscious in his office.

2. Analysis of the relationship between atomic parts:
   a. The relationship is not valid because the first atomic part is incorrect based on the chapter outline. Mrs. Ireland did not confirm seeing and speaking to her husband at 10 PM; she denied it.
   b. The relationship is a subjective interpretation and not explicitly grounded in the summary or outline.
   c. The relationship does not make sense based on the book summary and chapter outline, as the first part of the claim is factually incorrect.

Since the first atomic part is incorrect and the relationship between the parts is not valid, the claim is INVALID."
"John O'Neill, the Brooks family butler, testifies about witnessing the signing of a document on February 1st, the day Millionaire Brooks died suddenly at his Dublin residence.","John O'Neill, the Brooks family gardener, testifies about witnessing the burning of a document on February 2nd, the day after Millionaire Brooks died suddenly at his London residence.","Chapter 21 mentions Millionaire Brooks' sudden death on February 1st at his Dublin residence. In Chapter 22, John O'Neill, the family butler, provides testimony about the events of that day, specifically mentioning that he witnessed the signing of a document. This connection between the date of death and the butler's testimony about document signing on the same day suggests potential legal implications related to Millionaire Brooks' death.","The corrupted fact incorrectly identifies O'Neill as a gardener instead of a butler, changes the action from signing to burning a document, alters the date to February 2nd, and wrongly states the location as London instead of Dublin, all of which contradict the information in the original chapters.","Chapter 21, 22","- Chapter 21, item 3: Millionaire Brooks dies suddenly at his residence in Dublin on February 1st.
- Chapter 22, item 4: John O'Neill, the Brooks family butler, testifies about the events on the day Mr. Brooks died, including witnessing the signing of a document.
- Relationship: The butler's testimony provides details about the day of Millionaire Brooks' death.",Unique,Valid claim,VALID,"1. Analysis of atomic parts:
    a. John O'Neill, the Brooks family butler, testifies about witnessing the signing of a document: This part is grounded in event 4 of Chapter 22, where John O'Neill testifies about the events on the day Mr. Brooks died, including witnessing the signing of a document.
    b. February 1st, the day Millionaire Brooks died suddenly at his Dublin residence: This part is grounded in event 2 of Chapter 21, which states that Millionaire Brooks died suddenly at his residence in Dublin on February 1st.

2. Analysis of the relationship between atomic parts:
    a. The relationship is objectively valid and meaningful, as it connects the testimony of John O'Neill about witnessing the signing of a document to the specific date of February 1st, when Millionaire Brooks died.
    b. The relationship is not a subjective interpretation or assumption; it is explicitly grounded in the chapter outline.
    c. The relationship makes sense based on the book summary and chapter outline, as it ties together the events surrounding the death of Millionaire Brooks and the subsequent legal proceedings.

Since all considerations are satisfied, the claim is VALID.",INVALID,"1. Analysis of atomic parts:
    a. John O'Neill, the Brooks family gardener, testifies about witnessing the burning of a document: The chapter outline identifies John O'Neill as the Brooks family butler, not the gardener. Additionally, there is no mention of him witnessing the burning of a document. Instead, he testifies about witnessing the signing of a document and identifying the will presented in court.
    b. The event is said to occur on February 2nd, the day after Millionaire Brooks died suddenly at his London residence: The chapter outline states that Millionaire Brooks died at his residence in Dublin, not London, on February 1st. There is no mention of events occurring on February 2nd.

2. Analysis of the relationship between atomic parts:
    a. The relationship is not meaningful or valid because the details in the claim are not supported by the chapter outline.
    b. The relationship is a subjective interpretation and not explicitly grounded in the summary or outline.
    c. The relationship contradicts the information in the chapter outline regarding John O'Neill's role and the location of Brooks' death.

Since 1a., 1b., 2a., and 2c. are not satisfied, the claim is INVALID."
"Mr. Morton, found tied up and severely weakened in a room at Russell House on King's Parade by the police, later provides a court deposition detailing his meeting with a man at Furnival's and the subsequent assault at Russell House.","Mr. Morton, found unharmed and alert in a room at Victoria Hotel on Queen's Parade by the police, later provides a court deposition denying any meeting or assault at Russell House.","Chapter 24 describes the police finding Mr. Morton tied up and in a state of severe weakness at Russell House. In Chapter 25, Mr. Morton's court deposition is mentioned, which provides details about his meeting with a man at Furnival's and the assault that occurred at Russell House. This connection between the discovery of Mr. Morton and his court testimony provides a coherent narrative of the events leading to his condition when found by the police.","The corrupted fact incorrectly states that Mr. Morton was found unharmed and alert at a different location, and that his deposition denied the meeting and assault, which contradicts the information provided in the original chapters.","Chapter 24, 25","- Chapter 24, item 7: On Saturday, police force entry into a room at Russell House on King's Parade, where they find Mr. Morton tied up and in a state of severe weakness.
- Chapter 25, item 4: Mr. Morton's deposition is read in court, detailing his meeting with a man at Furnival's and subsequent assault at Russell House.
- Relationship: The discovery of Mr. Morton and his court deposition are directly related, providing details about the assault.",Unique,Valid claim,VALID,"1. Analysis of atomic parts:
   a. ""Mr. Morton, found tied up and severely weakened in a room at Russell House on King's Parade by the police"": This part is grounded in event 7 of Chapter 24, where the police find Mr. Morton tied up and in a state of severe weakness.
   b. ""later provides a court deposition detailing his meeting with a man at Furnival's and the subsequent assault at Russell House"": This part is grounded in event 4 of Chapter 25, where Mr. Morton's deposition is read in court, detailing his meeting and subsequent assault.

2. Analysis of the relationship between atomic parts:
   a. The relationship is objectively valid and meaningful. The sequence of events logically follows: Mr. Morton is found tied up, and later, he provides a deposition about the events leading to his assault.
   b. The relationship is not a subjective interpretation; it is explicitly stated in the chapter outline.
   c. The relationship makes sense based on the book summary and chapter outline, as it follows the logical progression of events from discovery to legal proceedings.

Since all considerations are satisfied, the claim is VALID.",INVALID,"1. Analysis of atomic parts:
   a. ""Mr. Morton, found unharmed and alert in a room at Victoria Hotel on Queen's Parade by the police"": This part is not grounded in the chapter outline. According to Chapter 24, Mr. Morton is found tied up and in a state of severe weakness at Russell House on King's Parade, not at Victoria Hotel on Queen's Parade.
   b. ""later provides a court deposition denying any meeting or assault at Russell House"": This part contradicts the chapter outline. In Chapter 25, Mr. Morton's deposition details his meeting with a man at Furnival's and subsequent assault at Russell House, which implies he acknowledges the meeting and assault.

2. Analysis of the relationship between atomic parts:
   a. The relationship is not valid because the first part is factually incorrect based on the chapter outline, and the second part contradicts the events described.
   b. The relationship is not a subjective interpretation but is based on incorrect information.
   c. The relationship does not make sense based on the book summary and chapter outline, as it misrepresents the events.

Since both atomic parts are not grounded in the chapter outline and the relationship between them is not valid, the claim is INVALID."
"Two days after William Kershaw's disappearance was reported to Scotland Yard, his decomposed body was found in a disused barge in the East End of London.","Two weeks after William Kershaw's disappearance was reported to Scotland Yard, his decomposed body was found in a disused barge in the East End of London.","In Chapter 1, it's mentioned that Kershaw's disappearance was reported on December 12th. Chapter 2 then reveals that a decomposed body, identified as Kershaw's, was found. This fact connects these two events, showing the progression of the case from a missing person report to the discovery of a body.","The corrupted fact changes the timeline from two days to two weeks, which is not supported by the information provided in the chapter outlines.","Chapter 1, 2","- Chapter 1, item 6: The man recounts how on December 12th, a woman and her German friend reported William Kershaw's disappearance to Scotland Yard.
- Chapter 2, item 1: A decomposed body is found in a disused barge in the East End of London, identified as William Kershaw through personal effects.
- Relationship: Temporal sequence of events related to William Kershaw",Unique,Valid claim,VALID,"1. Analysis of atomic parts:
    a. ""Two days after William Kershaw's disappearance was reported to Scotland Yard"": This part is grounded in Chapter 1, where it is mentioned that Kershaw's disappearance was reported on December 12th.
    b. ""his decomposed body was found in a disused barge in the East End of London"": This part is grounded in Chapter 2, where it is stated that Kershaw's body was found in a disused barge.

2. Analysis of the relationship between atomic parts:
    a. The relationship is objectively valid and meaningful. The claim establishes a temporal sequence between the reporting of Kershaw's disappearance and the discovery of his body.
    b. The relationship is not a subjective interpretation; it is a factual sequence of events as presented in the chapter outline.
    c. The relationship makes sense based on the book summary and chapter outline, as there is no contradicting information.

Since all considerations are satisfied, the claim is VALID.",VALID,"1. Analysis of atomic parts:
   a. ""Two weeks after William Kershaw's disappearance was reported to Scotland Yard"": This part is grounded in the chapter outline. Kershaw's disappearance was reported on December 12th, as mentioned in Chapter 1, event 3.
   b. ""his decomposed body was found in a disused barge in the East End of London"": This part is grounded in Chapter 2, event 1, where it is stated that Kershaw's body was found in a disused barge.

2. Analysis of the relationship between atomic parts:
   a. The relationship is temporal and meaningful. The claim establishes a timeline between the report of Kershaw's disappearance and the discovery of his body.
   b. The relationship is not a subjective interpretation; it is based on the sequence of events as described in the chapter outline.
   c. The relationship makes sense based on the book summary and chapter outline. There is no contradiction in the timeline provided.

Since both atomic parts are grounded in the chapter outline and the relationship between them is valid and meaningful, the claim is consistent with the information provided."
The diamonds Mr. Shipman bought from Mr. Knopf were stolen from his safe during a break-in through a glass-panelled door from the garden.,The diamonds Mr. Shipman bought from Mr. Knopf were stolen from his safe during a break-in through a window on the second floor.,"Chapter 4 reveals that Mr. Shipman's diamonds were stolen from his safe. Chapter 5 provides details about the break-in at Mr. Shipman's house, specifically mentioning the glass-panelled door from the garden. This fact combines these two pieces of information to provide a more complete picture of the crime.","The corrupted fact changes the point of entry from a glass-panelled door in the garden to a second-floor window, which is not mentioned in the chapter outlines.","Chapter 4, 5","- Chapter 4, item 7: Mr. Shipman discovers that the diamonds he bought from Mr. Knopf have also been stolen from his safe.
- Chapter 5, item 2: Detectives investigate Mr. Shipman's house, finding evidence of a break-in through a glass-panelled door from the garden.
- Relationship: Details of the crime scene at Mr. Shipman's house",Unique,Valid claim,VALID,"1. Analysis of atomic parts:
    a. ""The diamonds Mr. Shipman bought from Mr. Knopf"": This part is grounded in Chapter 4, event 6, where Mr. Shipman is mentioned as having bought diamonds from Mr. Knopf.
    b. ""were stolen from his safe"": This part is grounded in Chapter 5, event 1, where it is reported that diamonds were stolen from Mr. Shipman's safe.
    c. ""during a break-in through a glass-panelled door from the garden"": This part is grounded in Chapter 5, event 2, which describes the evidence of a break-in through a glass-panelled door from the garden.

2. Analysis of the relationship between atomic parts:
    a. The relationship is objectively valid and meaningful. The claim connects the purchase of diamonds by Mr. Shipman from Mr. Knopf to the theft of those diamonds from Mr. Shipman's safe, specifying the method of the break-in.
    b. The relationship is not a subjective interpretation; it is explicitly grounded in the chapter outline.
    c. The relationship makes sense based on the book summary and chapter outline, as it logically connects the events described in the outline.

Since all atomic parts are grounded in the chapter outline and the relationship between them is valid and meaningful, the claim is consistent with the provided information.",INVALID,"1. Analysis of atomic parts:
   a. ""The diamonds Mr. Shipman bought from Mr. Knopf were stolen from his safe"": This part is grounded in Chapter 4, event 7, where Mr. Shipman discovers that the diamonds he bought from Mr. Knopf have been stolen from his safe.
   b. ""during a break-in through a window on the second floor"": This part is not grounded in the chapter outline. In Chapter 5, event 2, detectives find evidence of a break-in through a glass-panelled door from the garden, not a window on the second floor.

2. Analysis of the relationship between atomic parts:
   a. The relationship is not valid because the claim incorrectly specifies the method of the break-in as through a window on the second floor, which is not supported by the chapter outline.
   b. The relationship is not a subjective interpretation but is factually incorrect based on the provided information.
   c. The relationship does not make sense based on the book summary and chapter outline, as the method of the break-in is inaccurately described.

Since part 1b is not satisfied and the relationship in 2a is not valid, the claim is INVALID."
"Francis Smethurst, initially arrested for Kershaw's murder, is discharged due to lack of evidence, but the man in the corner later theorizes that the body found was actually Smethurst's and Kershaw was the murderer.","Francis Smethurst, initially arrested for Kershaw's murder, is convicted, but the man in the corner later theorizes that the body found was actually Smethurst's and Kershaw was the murderer.","Chapter 2 outlines Smethurst's arrest and subsequent discharge due to lack of evidence. However, in Chapter 3, the man in the corner presents a contradictory theory, suggesting that the body found was actually Smethurst's and Kershaw was the murderer. This fact highlights the discrepancy between the official outcome of the case and the alternative theory proposed by the man in the corner.","The corrupted fact incorrectly states that Smethurst was convicted, while the original chapters clearly state that he was discharged due to lack of evidence.","Chapter 2, 3","- Chapter 2, item 2: Francis Smethurst, a Siberian millionaire, is arrested at the Hotel Cecil for Kershaw's murder.
- Chapter 2, item 7: Francis Smethurst is discharged due to lack of evidence, leaving the case unresolved.
- Chapter 3, item 5: The man reveals his theory that the body found was actually Francis Smethurst's, and William Kershaw was the murderer.
- Relationship: Contradiction between official outcome and the man in the corner's theory",Unique,Valid claim,VALID,"1. Analysis of atomic parts:
   a. ""Francis Smethurst, initially arrested for Kershaw's murder"": This part is grounded in event 2 of Chapter 2, where Smethurst is arrested for the murder of William Kershaw.
   b. ""is discharged due to lack of evidence"": This part is grounded in event 7 of Chapter 2, where Smethurst is discharged because of insufficient evidence.
   c. ""the man in the corner later theorizes that the body found was actually Smethurst's"": This part is grounded in event 5 of Chapter 3, where the man in the corner suggests that the body found was actually that of Francis Smethurst.
   d. ""Kershaw was the murderer"": This part is grounded in event 5 of Chapter 3, where the man in the corner theorizes that William Kershaw was the murderer.

2. Analysis of the relationship between atomic parts:
   a. The relationship is meaningful and valid. The claim presents a sequence of events where Smethurst is initially arrested and discharged, followed by the man in the corner's theory that Kershaw was the murderer and the body was Smethurst's.
   b. The relationship is not a subjective interpretation; it is explicitly stated in the chapter outline.
   c. The relationship makes sense based on the book summary and chapter outline, as it aligns with the events and deductions presented.

Since all atomic parts are grounded in the chapter outline and the relationship between them is meaningful and coherent with the provided information, the claim is VALID.",INVALID,"1. Analysis of atomic parts:
    a. ""Francis Smethurst, initially arrested for Kershaw's murder"": This part is grounded in event 2 of Chapter 2, where Smethurst is arrested for the murder of William Kershaw.
    b. ""is convicted"": This part is not grounded in the chapter outline or the book summary. In fact, event 7 of Chapter 2 states that Smethurst is discharged due to lack of evidence, indicating he was not convicted.
    c. ""the man in the corner later theorizes that the body found was actually Smethurst's and Kershaw was the murderer"": This part is grounded in event 5 of Chapter 3, where the man in the corner reveals his theory that the body found was actually Smethurst's and Kershaw was the murderer.

2. Analysis of the relationship between atomic parts:
    a. The relationship between Smethurst's arrest and the man in the corner's theory is meaningful, as it provides an alternative explanation for the events surrounding the murder.
    b. However, the claim incorrectly states that Smethurst was convicted, which contradicts the information in the chapter outline and summary. This misrepresentation affects the validity of the relationship.
    c. The relationship is not a subjective interpretation but is based on the events described in the chapter outline, except for the incorrect conviction detail.

Since part 1b is not satisfied and the relationship is based on an incorrect detail, the claim is INVALID."
"While Smethurst denies writing the incriminating letters, the man in the corner believes they were actually written by Smethurst, contradicting Kershaw's excited state when asking Müller for more money.","While Smethurst admits to writing the incriminating letters, the man in the corner believes they were actually written by Kershaw, contradicting Kershaw's excited state when asking Müller for more money.","In Chapter 1, Kershaw is described as being in an excited state when asking Müller for more money, suggesting he believed he would receive money from Smethurst. In Chapter 2, Smethurst denies writing the incriminating letters, providing an alibi. However, in Chapter 3, the man in the corner argues that the letters were indeed written by Smethurst, contradicting both Smethurst's denial and potentially explaining Kershaw's excitement.","This corrupted fact incorrectly states that Smethurst admits to writing the letters, which contradicts the outline. It also wrongly attributes the man in the corner's belief about the letters' authorship to Kershaw instead of Smethurst.","Chapters 1, 2, 3","- Chapter 1, item 3: Karl Müller visits William Kershaw to collect a debt but finds him in an excited state, asking for more money.
- Chapter 2, item 6: Smethurst denies writing the incriminating letters and provides an alibi for his activities on the day of the alleged murder.
- Chapter 3, item 2: The man in the corner argues that Kershaw must have known Smethurst due to the letters, which he believes were actually written by Smethurst.
- Relationship: Contradiction in evidence and theory",Unique,Valid claim,INVALID,"1. Analysis of atomic parts:
   a. ""Smethurst denies writing the incriminating letters"": This part is grounded in event 6 of Chapter 2, where Smethurst denies writing the letters.
   b. ""the man in the corner believes they were actually written by Smethurst"": This part is grounded in event 2 of Chapter 3, where the man in the corner argues that the letters were written by Smethurst.
   c. ""contradicting Kershaw's excited state when asking Müller for more money"": This part is grounded in event 4 of Chapter 1, where Kershaw is described as being in an excited state when asking Müller for more money.

2. Analysis of the relationship between atomic parts:
   a. The relationship between Smethurst denying writing the letters and the man in the corner believing they were written by Smethurst is valid, as it presents a contradiction between Smethurst's denial and the man's belief.
   b. The relationship between the belief about the letters and Kershaw's excited state is not meaningful. The claim suggests a contradiction between the belief about the letters' authorship and Kershaw's behavior, but there is no direct connection or contradiction between these two elements in the summary or outline. Kershaw's excited state is related to his financial situation and plan involving Smethurst, not directly to the authorship of the letters.
   c. The relationship is not explicitly grounded in the summary or outline, as the claim attempts to link two separate aspects without a clear connection.

Since the relationship between the belief about the letters and Kershaw's excited state is not meaningful or explicitly grounded in the provided information, the claim is INVALID.",INVALID,"1. Analysis of atomic parts:
   a. ""While Smethurst admits to writing the incriminating letters"": This part is not grounded in the chapter outline. In Chapter 2, Smethurst denies writing the incriminating letters and provides an alibi for his activities on the day of the alleged murder.
   b. ""the man in the corner believes they were actually written by Kershaw"": This part is not grounded in the chapter outline. In Chapter 3, the man in the corner argues that Kershaw must have known Smethurst due to the letters, which he believes were actually written by Smethurst, not Kershaw.
   c. ""contradicting Kershaw's excited state when asking Müller for more money"": This part is grounded in Chapter 1, where Kershaw is described as being in an excited state when asking Müller for more money.

2. Analysis of the relationship between atomic parts:
   a. The relationship is not objectively valid because the claim incorrectly states that Smethurst admits to writing the letters, which contradicts the chapter outline.
   b. The relationship is a subjective interpretation and not explicitly grounded in the summary or outline.
   c. The relationship does not make sense based on the book summary and chapter outline, as it misrepresents the events and deductions made by the man in the corner.

Since 1a., 1b., and 2a. are not satisfied, the claim is INVALID."
"Mr. Shipman bought diamonds from Mr. Knopf, which were later stolen through a break-in at his house, and the man in the corner reveals that the thieves had initially tricked Shipman with fake Parisian diamonds before stealing the real ones.","Mr. Shipman sold diamonds to Mr. Knopf, which were later stolen through a break-in at Knopf's house, and the man in the corner reveals that the thieves had initially tricked Knopf with fake Parisian diamonds before stealing the real ones.","Chapter 4 establishes that Mr. Shipman bought diamonds from Mr. Knopf. Chapter 5 reveals that these diamonds were stolen through a break-in at Shipman's house. In Chapter 6, the man in the corner explains the full scheme, revealing that the thieves first tricked Shipman with fake Parisian diamonds before stealing the real ones, connecting all three events in a sequence.","This corrupted fact incorrectly states that Shipman sold diamonds to Knopf, rather than buying from him. It also wrongly places the break-in at Knopf's house instead of Shipman's, and misattributes the victim of the trick with fake diamonds to Knopf instead of Shipman.","Chapters 4, 5, 6","- Chapter 4, item 6: The detective and inspector visit Mr. Shipman, who had bought diamonds from Mr. Knopf the previous night.
- Chapter 5, item 2: Detectives investigate Mr. Shipman's house, finding evidence of a break-in through a glass-panelled door from the garden.
- Chapter 6, item 4: The man in the corner explains how the thieves used Parisian diamonds to trick Mr. Shipman and drugged him to steal the real diamonds.
- Relationship: Sequence of events in the diamond theft case",Unique,Valid claim,VALID,"1. Analysis of atomic parts:
   a. ""Mr. Shipman bought diamonds from Mr. Knopf"": This part is grounded in Chapter 4, event 6, where Mr. Shipman is mentioned as having bought diamonds from Mr. Knopf.
   b. ""which were later stolen through a break-in at his house"": This part is grounded in Chapter 5, event 1, where it is reported that diamonds were stolen from Mr. Shipman's safe.
   c. ""the man in the corner reveals that the thieves had initially tricked Shipman with fake Parisian diamonds before stealing the real ones"": This part is grounded in Chapter 6, event 4, where the man in the corner explains that the thieves used Parisian diamonds to trick Mr. Shipman.

2. Analysis of the relationship between atomic parts:
   a. The relationship is objectively valid and meaningful. The sequence of events logically follows: Mr. Shipman bought diamonds, which were then stolen, and the man in the corner reveals the method of deception used by the thieves.
   b. The relationship is not a subjective interpretation; it is explicitly stated in the chapter outline.
   c. The relationship makes sense based on the book summary and chapter outline, as it aligns with the narrative of deception and theft described in the chapters.

Since all atomic parts are grounded in the chapter outline and the relationship between them is valid and meaningful, the claim is consistent with the provided information.",INVALID,"1. Analysis of atomic parts:
   a. ""Mr. Shipman sold diamonds to Mr. Knopf"": This part is not grounded in the chapter outline. Instead, the outline indicates that Mr. Shipman bought diamonds from Mr. Knopf (Chapter 4, event 6).
   b. ""which were later stolen through a break-in at Knopf's house"": This part is partially grounded in the chapter outline. The diamonds were stolen, but the break-in occurred at Mr. Shipman's house, not Mr. Knopf's (Chapter 5, event 1).
   c. ""the man in the corner reveals that the thieves had initially tricked Knopf with fake Parisian diamonds before stealing the real ones"": This part is grounded in Chapter 6, event 4, where the man in the corner explains the use of Parisian diamonds to trick Mr. Shipman, not Mr. Knopf.

2. Analysis of the relationship between atomic parts:
   a. The relationship is not meaningful because the claim incorrectly states the sequence and nature of events. The diamonds were not sold by Mr. Shipman to Mr. Knopf, and the break-in was at Mr. Shipman's house, not Mr. Knopf's.
   b. The relationship is a subjective interpretation and not explicitly grounded in the summary or outline.
   c. The relationship contradicts the information in the chapter outline, as it misrepresents the transaction and the location of the break-in.

Since the atomic parts are not accurately grounded in the chapter outline and the relationship between them is not meaningful or coherent, the claim is INVALID."
"Lord Arthur's financial difficulties due to Peppercorn's unexpected loss in the race led to a blackmail situation with Lavender, which the man in the corner theorizes prompted Lady Arthur to murder Lavender to protect her husband from scandal.","Lord Arthur's financial success due to Peppercorn's unexpected win in the race led to a partnership with Lavender, which the man in the corner theorizes prompted Lady Arthur to murder Lavender to protect her husband from business competition.","Chapter 7 establishes Lord Arthur's financial troubles due to his horse Peppercorn losing the race. In Chapter 8, we learn of a blackmail situation between Lord Arthur and Lavender. Chapter 9 reveals the man in the corner's theory that Lady Arthur murdered Lavender to protect her husband from scandal. This sequence of events connects the initial financial trouble to the motive for murder.","This corrupted fact incorrectly states that Peppercorn won the race, leading to financial success rather than difficulty. It also misrepresents the relationship between Lord Arthur and Lavender as a partnership instead of blackmail, and provides an incorrect motive for Lady Arthur's alleged murder of Lavender.","Chapters 7, 8, 9","- Chapter 7, item 3: Peppercorn unexpectedly loses the race, putting Lord Arthur in financial difficulty as he had heavily backed his horse.
- Chapter 8, item 3: George Higgins provides testimony about overhearing a conversation between Lord Arthur and Lavender discussing blackmail.
- Chapter 9, item 5: The man theorizes that Lady Arthur was the actual murderer, killing Lavender to protect her husband from scandal.
- Relationship: Motive for murder",Unique,Valid claim,VALID,"1. Analysis of atomic parts:
    a. ""Lord Arthur's financial difficulties due to Peppercorn's unexpected loss in the race"": This part is grounded in Chapter 7, where it is mentioned that Peppercorn unexpectedly loses the race, putting Lord Arthur in financial difficulty.
    b. ""led to a blackmail situation with Lavender"": This part is supported by Chapter 8, where George Higgins testifies about overhearing a conversation between Lord Arthur and Lavender discussing blackmail.
    c. ""the man in the corner theorizes prompted Lady Arthur to murder Lavender to protect her husband from scandal"": This part is grounded in Chapter 9, where the man in the corner theorizes that Lady Arthur was the actual murderer, killing Lavender to protect her husband from scandal.

2. Analysis of the relationship between atomic parts:
    a. The relationship is objectively valid and meaningful. The financial difficulties leading to a blackmail situation provide a motive for Lady Arthur to murder Lavender, as theorized by the man in the corner.
    b. The relationship is not a subjective interpretation; it is explicitly stated in the chapter outline and aligns with the man in the corner's theory.
    c. The relationship makes sense based on the book summary and chapter outline, as it ties together the financial difficulties, the blackmail situation, and the murder.

Since all atomic parts are grounded in the chapter outline and the relationship between them is valid and meaningful, the claim is VALID.",INVALID,"1. Analysis of atomic parts:
    a. ""Lord Arthur's financial success due to Peppercorn's unexpected win in the race"": This part is not grounded in the chapter outline or book summary. In fact, the outline states that Peppercorn unexpectedly loses the race, leading to Lord Arthur's financial difficulty (Chapter 7, event 3).
    b. ""led to a partnership with Lavender"": There is no mention of a partnership between Lord Arthur and Lavender in the chapter outline or book summary. Instead, the outline suggests a conflict over a debt and potential blackmail (Chapter 8, events 2 and 3).
    c. ""the man in the corner theorizes prompted Lady Arthur to murder Lavender to protect her husband from business competition"": The man in the corner theorizes that Lady Arthur murdered Lavender to protect her husband from scandal, not business competition (Chapter 9, event 5).

2. Analysis of the relationship between atomic parts:
    a. The relationship is not objectively valid or meaningful because the initial premise of financial success and partnership is incorrect.
    b. The relationship is a subjective interpretation and not explicitly grounded in the summary or outline.
    c. The relationship does not make sense based on the book summary and chapter outline, as it contradicts the events described.

Since none of the atomic parts are grounded in the provided information, and the relationship between them is not valid, the claim is INVALID."
"Francis Smethurst, a Siberian millionaire with a criminal past mentioned in Kershaw's plan, is later arrested at the Hotel Cecil for Kershaw's murder.","Francis Smethurst, a Siberian millionaire with a criminal past mentioned in Kershaw's plan, is later arrested at the Hotel Cecil for Müller's murder.","In Chapter 1, Kershaw reveals to Müller a plan involving Francis Smethurst, described as a millionaire with a criminal past. Later, in Chapter 2, we learn that Francis Smethurst, specifically identified as a Siberian millionaire, is arrested at the Hotel Cecil for Kershaw's murder. This fact connects the initial mention of Smethurst in Kershaw's plan to his subsequent arrest, showing the progression of events involving this central character.","The corrupted fact incorrectly states that Smethurst was arrested for Müller's murder, when in fact he was arrested for Kershaw's murder.","Chapter 1, 2","- Chapter 1, item 6: Kershaw reveals to Müller a plan involving Francis Smethurst, a millionaire with a criminal past, who had written letters to Kershaw.
- Chapter 2, item 2: Francis Smethurst, a Siberian millionaire, is arrested at the Hotel Cecil for Kershaw's murder.
- Relationship: Central character (Francis Smethurst) and plot development",Unique,Valid claim,VALID,"1. Analysis of atomic parts:
    a. ""Francis Smethurst, a Siberian millionaire with a criminal past mentioned in Kershaw's plan"": This part is grounded in the book summary, which describes Smethurst as a millionaire with a criminal past involved in Kershaw's plan.
    b. ""is later arrested at the Hotel Cecil for Kershaw's murder"": This part is grounded in Chapter 2 of the outline, where Smethurst is indeed arrested at the Hotel Cecil for the murder of William Kershaw.

2. Analysis of the relationship between atomic parts:
    a. The relationship is objectively valid and meaningful. The claim connects Smethurst's background and involvement in Kershaw's plan to his subsequent arrest, which is a logical progression of events.
    b. The relationship is not a subjective interpretation; it is explicitly stated in the chapter outline and supported by the book summary.
    c. The relationship makes sense based on the book summary and chapter outline, as it follows the narrative of the Fenchurch Street mystery.

Since all parts of the claim are grounded in the provided information, and the relationship between them is valid and meaningful, the claim is consistent with the book summary and chapter outline.",INVALID,"1. Analysis of atomic parts:
   a. ""Francis Smethurst, a Siberian millionaire with a criminal past mentioned in Kershaw's plan"": This part is partially grounded in the book summary and chapter outline. The summary mentions Smethurst as a millionaire with a criminal past involved in Kershaw's plan. The chapter outline confirms Smethurst's identity as a Siberian millionaire.
   b. ""is later arrested at the Hotel Cecil for Müller's murder"": This part is not grounded in the book summary or chapter outline. The chapter outline states that Smethurst is arrested for Kershaw's murder, not Müller's. There is no mention of Müller being murdered or Smethurst being arrested for such a crime.

2. Analysis of the relationship between atomic parts:
   a. The relationship is not valid because the claim incorrectly states the reason for Smethurst's arrest. The chapter outline clearly indicates that Smethurst is arrested for Kershaw's murder, not Müller's.
   b. The relationship is not a subjective interpretation but rather a factual error based on the provided information.
   c. The relationship does not make sense based on the book summary and chapter outline, as it introduces an incorrect detail about the arrest.

Since the second atomic part is not grounded in the provided information and the relationship between the parts is factually incorrect, the claim is INVALID."
